id,code,web_name,first_name,second_name,team,element_type,now_cost,cost_millions,selected_by_percent,total_points,points_per_game,minutes,goals_scored,assists,clean_sheets,goals_conceded,own_goals,penalties_saved,penalties_missed,yellow_cards,red_cards,saves,bonus,bps,influence,creativity,threat,ict_index,form,value_form,value_season
1,154561,Raya,David,Raya Martín,1,1,62,6.2,36.4,162,4.4,3330,0,0,19,26,0,0,0,1,0,60,11,633,541.6,33.5,0.0,57.5,5.2,0.8,26.1
2,109745,Arrizabalaga,Kepa,Arrizabalaga Revuelta,1,1,40,4.0,0.4,2,2.0,90,0,0,0,1,0,0,0,0,0,2,0,11,19.8,0.0,0.0,2.0,0.5,0.1,0.5
3,463748,Hein,Karl,Hein,1,1,40,4.0,0.2,0,0.0,0,0,0,0,0,0,0,0,0,0,0,0,0,0.0,0.0,0.0,0.0,0.0,0.0,0.0
4,551221,Setford,Tommy,Setford,1,1,39,3.9,0.2,0,0.0,0,0,0,0,0,0,0,0,0,0,0,0,0,0.0,0.0,0.0,0.0,0.0,0.0,0.0
5,226597,Gabriel,Gabriel,dos Santos Magalhães,1,2,73,7.3,45.4,209,6.5,2750,3,5,18,20,0,0,0,4,0,0,30,724,824.0,128.5,298.0,125.0,6.0,0.8,28.6
6,462424,Saliba,William,Saliba,1,2,63,6.3,17.1,137,4.4,2614,1,0,15,20,0,0,0,2,0,0,12,581,552.6,201.0,90.0,84.3,4.8,0.8,21.7
7,466075,Calafiori,Riccardo,Calafiori,1,2,56,5.6,6.0,109,4.2,1697,1,2,13,8,0,0,0,5,0,0,6,389,283.0,182.3,313.0,77.9,4.0,0.7,19.5
8,445122,J.Timber,Jurriën,Timber,1,2,60,6.0,15.2,149,5.0,2452,3,6,13,20,0,0,0,5,0,0,9,532,499.0,402.6,352.0,125.7,0.0,0.0,24.8
9,440854,Kiwior,Jakub,Kiwior,1,2,54,5.4,0.0,0,0.0,0,0,0,0,0,0,0,0,0,0,0,0,0,0.0,0.0,0.0,0.0,0.0,0.0,0.0
10,499169,Lewis-Skelly,Myles,Lewis-Skelly,1,2,50,5.0,1.9,29,1.4,697,0,0,2,8,0,0,0,3,0,0,0,110,73.2,74.6,29.0,17.6,3.8,0.8,5.8
11,198869,White,Benjamin,White,1,2,51,5.1,0.5,45,3.8,699,0,1,5,6,0,0,0,0,0,0,3,181,154.8,133.4,54.0,34.3,1.8,0.4,8.8
13,563324,Clarke,Brayden,Clarke,1,2,37,3.7,0.5,0,0.0,0,0,0,0,0,0,0,0,0,0,0,0,0,0.0,0.0,0.0,0.0,0.0,0.0,0.0
14,588793,Kacurri,Maldini,Kacurri,1,2,39,3.9,0.1,0,0.0,0,0,0,0,0,0,0,0,0,0,0,0,0,0.0,0.0,0.0,0.0,0.0,0.0,0.0
15,499167,Nichols,Josh,Nichols,1,2,37,3.7,0.2,0,0.0,0,0,0,0,0,0,0,0,0,0,0,0,0,0.0,0.0,0.0,0.0,0.0,0.0,0.0
16,223340,Saka,Bukayo,Saka,1,3,100,10.0,11.6,157,5.1,2218,7,10,12,16,0,0,0,2,0,0,18,570,627.0,847.6,828.0,230.6,5.8,0.6,15.7
17,184029,Ødegaard,Martin,Ødegaard,1,3,78,7.8,1.7,74,3.1,1363,1,7,6,13,0,0,0,0,0,0,5,306,311.8,564.4,168.0,104.4,1.8,0.2,9.5
18,248857,Madueke,Noni,Madueke,1,3,68,6.8,0.8,72,2.8,1205,3,1,8,9,0,0,0,0,0,0,9,254,257.4,352.8,404.0,101.3,3.2,0.5,10.6
19,444145,Martinelli,Gabriel,Martinelli Silva,1,3,68,6.8,0.9,57,1.9,1065,1,5,2,8,0,0,0,3,0,0,3,195,204.6,202.2,390.0,79.0,2.0,0.3,8.4
20,116216,Trossard,Leandro,Trossard,1,3,66,6.6,1.8,119,3.8,1997,6,6,11,15,0,0,0,2,0,0,11,445,494.0,545.5,541.0,158.3,4.5,0.7,18.0
21,204480,Rice,Declan,Rice,1,3,72,7.2,23.3,184,5.1,3093,4,9,18,25,0,0,0,3,0,0,23,790,827.2,1027.4,298.0,215.4,3.2,0.4,25.6
22,195384,Merino,Mikel,Merino Zazón,1,3,53,5.3,0.7,67,3.0,1024,4,3,4,10,0,0,0,1,0,0,5,236,304.4,191.8,244.0,73.6,0.2,0.0,12.6
23,438098,Fábio Vieira,Fábio,Ferreira Vieira,1,3,54,5.4,0.0,0,0.0,0,0,0,0,0,0,0,0,0,0,0,0,0,0.0,0.0,0.0,0.0,0.0,0.0,0.0
24,128295,Nørgaard,Christian,Nørgaard,1,3,51,5.1,0.1,7,1.0,101,0,0,0,1,0,0,0,0,0,0,0,28,23.4,5.5,10.0,4.0,0.2,0.0,1.4
25,499175,Nwaneri,Ethan,Nwaneri,1,3,50,5.0,0.1,8,1.3,165,0,0,1,0,0,0,0,0,0,0,0,20,8.6,22.5,24.0,5.4,0.0,0.0,1.6
26,481655,Zubimendi,Martín,Zubimendi Ibáñez,1,3,49,4.9,2.7,133,3.5,2991,5,1,16,25,0,0,0,4,0,0,9,604,603.2,385.1,271.0,126.2,1.2,0.2,27.1
28,588796,Kabia,Ismeal,Kabia,1,3,45,4.5,0.1,0,0.0,0,0,0,0,0,0,0,0,0,0,0,0,0,0.0,0.0,0.0,0.0,0.0,0.0,0.0
29,437742,Sambi,Albert,Sambi Lokonga,1,3,45,4.5,0.0,0,0.0,0,0,0,0,0,0,0,0,0,0,0,0,0,0.0,0.0,0.0,0.0,0.0,0.0,0.0
30,219847,Havertz,Kai,Havertz,1,4,73,7.3,0.7,36,3.0,577,2,3,4,4,0,0,0,1,0,0,3,143,152.6,134.6,210.0,49.9,3.2,0.4,4.9
31,205651,G.Jesus,Gabriel,Fernando de Jesus,1,4,64,6.4,0.4,24,1.7,418,3,0,1,6,0,0,0,3,0,0,0,92,141.8,54.3,281.0,47.5,1.5,0.2,3.8
266,232413,Eze,Eberechi,Eze,1,3,73,7.3,8.7,113,3.4,1885,7,3,11,14,0,0,0,1,0,0,8,439,393.4,305.7,455.0,115.1,2.5,0.3,15.5
662,500040,Mosquera,Cristhian,Mosquera,1,2,53,5.3,0.3,40,2.0,986,0,0,3,8,0,0,0,4,0,0,1,195,219.2,88.7,20.0,32.9,2.8,0.5,7.5
666,224117,Gyökeres,Viktor,Gyökeres,1,4,91,9.1,16.4,128,3.6,2217,14,1,12,14,0,0,0,5,0,0,16,474,539.6,271.7,772.0,157.5,5.0,0.5,14.1
700,616077,Dowman,Max,Dowman,1,3,42,4.2,0.9,16,2.7,152,1,1,1,1,0,0,0,0,0,0,0,51,45.2,55.5,65.0,16.6,1.0,0.2,3.8
711,646243,Harriman-Annous,Andre,Harriman-Annous,1,3,44,4.4,0.0,0,0.0,0,0,0,0,0,0,0,0,0,0,0,0,0,0.0,0.0,0.0,0.0,0.0,0.0,0.0
725,448104,Hincapie,Piero,Hincapié,1,2,51,5.1,0.9,87,3.5,1787,1,2,5,19,1,0,0,2,0,0,7,335,453.6,184.7,72.0,70.9,0.8,0.2,17.1
759,616065,Salmon,Marli,Salmon,1,2,40,4.0,0.0,0,0.0,0,0,0,0,0,0,0,0,0,0,0,0,0,0.0,0.0,0.0,0.0,0.0,0.0,0.0
32,98980,Martinez,Emiliano,Martínez Romero,2,1,50,5.0,4.4,120,3.8,2835,0,1,7,39,0,1,0,2,0,95,11,530,769.8,23.2,0.0,79.2,2.5,0.5,24.0
33,72147,M.Bizot,Marco,Bizot,2,1,42,4.2,0.4,16,2.3,585,0,0,1,10,0,0,0,2,0,19,0,75,139.2,0.0,0.0,13.9,0.5,0.1,3.8
34,462492,Gauci,Joe,Gauci,2,1,40,4.0,0.1,0,0.0,0,0,0,0,0,0,0,0,0,0,0,0,0,0.0,0.0,0.0,0.0,0.0,0.0,0.0
35,462381,Marschall,Filip,Marschall,2,1,40,4.0,0.0,0,0.0,0,0,0,0,0,0,0,0,0,0,0,0,0,0.0,0.0,0.0,0.0,0.0,0.0,0.0
36,199796,Cash,Matty,Cash,2,2,46,4.6,7.4,117,3.3,3016,3,3,8,38,0,0,0,9,0,0,7,450,643.0,510.7,221.0,137.5,1.8,0.4,25.4
37,101188,Digne,Lucas,Digne,2,2,45,4.5,1.5,97,3.1,1842,0,7,7,23,0,0,0,3,0,0,5,381,400.2,455.5,130.0,98.5,1.2,0.3,21.6
38,199798,Konsa,Ezri,Konsa Ngoyo,2,2,44,4.4,7.0,100,2.9,3035,0,1,9,44,0,0,0,0,1,0,3,497,601.4,108.3,124.0,84.0,0.5,0.1,22.7
39,441302,Maatsen,Ian,Maatsen,2,2,42,4.2,0.5,54,1.8,1590,0,1,2,27,0,0,0,2,0,0,1,242,336.6,373.4,231.0,94.3,2.0,0.5,12.9
40,149484,Mings,Tyrone,Mings,2,2,43,4.3,0.6,50,2.9,1322,0,1,3,23,0,0,0,1,0,0,4,169,282.6,80.5,105.0,46.8,1.2,0.3,11.6
41,244954,Pau,Pau,Torres,2,2,43,4.3,0.3,64,3.0,1673,0,2,5,19,1,0,0,1,0,0,2,280,321.8,47.1,79.0,45.1,1.2,0.3,14.9
42,606798,A.García,Andrés,García,2,2,39,3.9,0.2,5,0.8,83,0,0,0,3,0,0,0,0,0,0,0,12,17.8,3.2,2.0,2.3,0.2,0.1,1.3
43,106468,Alex Moreno,Álex,Moreno Lopera,2,2,40,4.0,1.5,0,0.0,0,0,0,0,0,0,0,0,0,0,0,0,0,0.0,0.0,0.0,0.0,0.0,0.0,0.0
44,515597,Bogarde,Lamare,Bogarde,2,2,40,4.0,0.5,40,1.4,1042,0,0,2,17,0,0,0,5,0,0,4,121,133.0,59.4,14.0,20.6,1.0,0.2,10.0
45,514315,Sousa,Lino,da Cruz Sousa,2,2,38,3.8,0.2,0,0.0,0,0,0,0,0,0,0,0,0,0,0,0,0,0.0,0.0,0.0,0.0,0.0,0.0,0.0
46,587178,Yasin,Yasin,Özcan,2,2,40,4.0,0.1,0,0.0,0,0,0,0,0,0,0,0,0,0,0,0,0,0.0,0.0,0.0,0.0,0.0,0.0,0.0
47,244850,Rogers,Morgan,Rogers,2,3,73,7.3,20.2,169,4.6,3280,10,8,9,48,0,0,0,7,0,0,17,605,746.2,706.2,871.0,232.0,3.8,0.5,23.2
48,166989,Tielemans,Youri,Tielemans,2,3,59,5.9,0.7,68,2.7,1857,0,4,4,27,0,0,0,0,0,0,3,417,432.0,513.6,184.0,113.1,2.2,0.4,11.5
49,215711,Bailey,Leon,Bailey,2,3,55,5.5,0.1,21,1.6,450,0,2,0,9,0,0,0,1,0,0,0,69,71.2,160.4,69.0,30.1,1.8,0.3,3.8
50,195546,Buendía,Emiliano,Buendía Stati,2,3,53,5.3,0.4,102,2.8,1753,6,2,3,24,0,0,0,6,0,0,10,382,427.0,402.1,398.0,121.4,3.8,0.7,19.2
51,469247,Iling Jr,Samuel,Iling-Junior,2,3,55,5.5,0.0,0,0.0,0,0,0,0,0,0,0,0,0,0,0,0,0,0.0,0.0,0.0,0.0,0.0,0.0,0.0
53,204646,Malen,Donyell,Malen,2,3,51,5.1,0.4,55,2.6,640,4,2,1,10,0,0,0,0,0,0,3,161,183.4,99.7,290.0,56.3,0.0,0.0,10.8
54,122806,McGinn,John,McGinn,2,3,53,5.3,0.7,103,3.4,2136,5,4,8,28,0,0,0,5,0,0,6,443,459.8,605.3,309.0,137.3,3.0,0.6,19.4
55,88894,Barkley,Ross,Barkley,2,3,48,4.8,0.1,56,2.7,844,3,2,1,15,0,0,0,1,0,0,5,221,227.8,162.3,191.0,58.1,4.0,0.8,11.7
56,491287,Barrenechea,Enzo,Barrenechea,2,3,50,5.0,0.0,0,0.0,0,0,0,0,0,0,0,0,0,0,0,0,0,0.0,0.0,0.0,0.0,0.0,0.0,0.0
57,461421,Dobbin,Lewis,Dobbin,2,3,50,5.0,0.0,0,0.0,0,0,0,0,0,0,0,0,0,0,0,0,0,0.0,0.0,0.0,0.0,0.0,0.0,0.0
58,226944,Kamara,Boubacar,Kamara,2,3,49,4.9,0.2,61,3.4,1410,1,3,5,15,0,0,0,5,0,0,7,282,325.0,241.3,75.0,64.2,0.0,0.0,12.4
59,449871,Onana,Amadou,Onana,2,3,48,4.8,0.6,76,3.0,1755,2,0,6,26,0,0,0,3,0,0,4,353,413.2,152.6,178.0,74.4,0.2,0.0,15.8
60,577731,Broggio,Ben,Broggio,2,3,44,4.4,0.2,0,0.0,0,0,0,0,0,0,0,0,0,0,0,0,0,0.0,0.0,0.0,0.0,0.0,0.0,0.0
61,151589,Dendoncker,Leander,Dendoncker,2,3,45,4.5,0.1,0,0.0,0,0,0,0,0,0,0,0,0,0,0,0,0,0.0,0.0,0.0,0.0,0.0,0.0,0.0
62,559962,Jimoh-Aloba,Jamaldeen,Jimoh-Aloba,2,3,45,4.5,0.1,1,1.0,8,0,0,0,0,0,0,0,0,0,0,0,3,0.2,0.3,0.0,0.1,0.0,0.0,0.2
63,537403,Young,Kadan,Young,2,3,43,4.3,0.5,0,0.0,0,0,0,0,0,0,0,0,0,0,0,0,0,0.0,0.0,0.0,0.0,0.0,0.0,0.0
64,178301,Watkins,Ollie,Watkins,2,4,87,8.7,13.0,167,4.5,2833,16,4,9,38,0,0,0,4,0,0,26,623,720.2,330.9,1206.0,225.2,9.5,1.1,19.2
65,576756,Redmond,Zépiqueno,Redmond,2,4,45,4.5,0.3,0,0.0,0,0,0,0,0,0,0,0,0,0,0,0,0,0.0,0.0,0.0,0.0,0.0,0.0,0.0
389,444884,Elliott,Harvey,Elliott,2,3,51,5.1,0.2,5,1.0,110,0,0,0,2,0,0,0,0,0,0,0,17,11.8,31.7,31.0,7.4,0.0,0.0,1.0
456,209243,Sancho,Jadon,Sancho,2,3,58,5.8,0.2,37,1.6,863,0,2,2,10,0,0,0,0,0,0,0,141,130.2,290.6,193.0,61.6,0.8,0.1,6.4
688,481283,Wright,James,Wright,2,1,39,3.9,0.6,0,0.0,0,0,0,0,0,0,0,0,0,0,0,0,0,0.0,0.0,0.0,0.0,0.0,0.0,0.0
699,230046,Douglas Luiz,Douglas Luiz,Soares de Paulo,2,3,49,4.9,0.1,35,1.7,913,1,1,1,15,0,0,0,3,0,0,0,220,201.6,294.3,94.0,59.1,1.0,0.2,7.1
701,569577,Rowe,Triston,Rowe,2,2,40,4.0,0.1,0,0.0,0,0,0,0,0,0,0,0,0,0,0,0,0,0.0,0.0,0.0,0.0,0.0,0.0,0.0
702,645618,Burrowes,Bradley,Burrowes,2,3,43,4.3,0.1,1,1.0,16,0,0,0,1,0,0,0,0,0,0,0,3,0.0,0.3,0.0,0.0,0.0,0.0,0.2
703,564505,Proctor,Sam,Proctor,2,1,39,3.9,0.6,0,0.0,0,0,0,0,0,0,0,0,0,0,0,0,0,0.0,0.0,0.0,0.0,0.0,0.0,0.0
710,534836,Patterson,Travis,Patterson,2,2,39,3.9,0.2,0,0.0,0,0,0,0,0,0,0,0,0,0,0,0,0,0.0,0.0,0.0,0.0,0.0,0.0,0.0
719,184667,Lindelöf,Victor,Lindelöf,2,2,45,4.5,0.1,29,1.7,942,0,1,1,15,0,0,0,0,0,0,0,124,167.8,36.6,22.0,22.7,1.2,0.3,6.4
754,577285,George Hemmings,George,Hemmings,2,3,45,4.5,0.0,2,1.0,25,0,0,0,0,0,0,0,0,0,0,0,5,0.0,1.7,2.0,0.3,0.0,0.0,0.4
757,516875,Hollingshead,Ronnie,Hollingshead,2,1,40,4.0,0.0,0,0.0,0,0,0,0,0,0,0,0,0,0,0,0,0,0.0,0.0,0.0,0.0,0.0,0.0,0.0
768,664015,Leon Routh,Leon,Routh,2,2,40,4.0,0.0,0,0.0,0,0,0,0,0,0,0,0,0,0,0,0,0,0.0,0.0,0.0,0.0,0.0,0.0,0.0
781,618027,Carroll,TJ,Carroll,2,2,40,4.0,0.0,0,0.0,0,0,0,0,0,0,0,0,0,0,0,0,0,0.0,0.0,0.0,0.0,0.0,0.0,0.0
792,653481,Alysson,Alysson Edward Franco,da Rocha dos Santos,2,3,50,5.0,0.0,3,1.0,47,0,0,0,2,0,0,0,0,0,0,0,11,3.2,3.5,10.0,1.5,0.0,0.0,0.6
808,173879,Abraham,Tammy,Abraham,2,4,57,5.7,0.2,23,1.9,278,2,0,0,8,0,0,0,0,0,0,2,93,87.2,49.2,136.0,27.1,0.2,0.0,4.0
183,518030,Weiss,Max,Weiß,3,1,42,4.2,0.2,7,2.3,270,0,0,0,4,0,0,0,0,0,10,0,39,76.8,10.0,0.0,8.7,1.8,0.4,1.7
184,489571,Green,Etienne,Green,3,1,40,4.0,0.2,0,0.0,0,0,0,0,0,0,0,0,0,0,0,0,0,0.0,0.0,0.0,0.0,0.0,0.0,0.0
185,51943,Hladký,Václav,Hladký,3,1,39,3.9,0.1,0,0.0,0,0,0,0,0,0,0,0,0,0,0,0,0,0.0,0.0,0.0,0.0,0.0,0.0,0.0
186,192290,Roberts,Connor,Roberts,3,2,43,4.3,0.0,0,0.0,0,0,0,0,0,0,0,0,0,0,0,0,0,0.0,0.0,0.0,0.0,0.0,0.0,0.0
187,58621,Walker,Kyle,Walker,3,2,44,4.4,1.2,70,1.9,3095,0,2,4,66,0,0,0,9,0,0,3,242,506.0,237.2,28.0,77.4,1.5,0.3,15.9
188,247245,Delcroix,Hannes,Delcroix,3,2,38,3.8,0.2,0,0.0,0,0,0,0,0,0,0,0,0,0,0,0,0,0.0,0.0,0.0,0.0,0.0,0.0,0.0
189,461567,Dodgson,Owen,Dodgson,3,2,40,4.0,0.0,0,0.0,0,0,0,0,0,0,0,0,0,0,0,0,0,0.0,0.0,0.0,0.0,0.0,0.0,0.0
190,478969,Ekdal,Hjalmar,Ekdal,3,2,38,3.8,0.7,52,2.7,1539,0,0,2,34,0,0,0,0,0,0,2,159,372.0,55.8,88.0,51.7,0.8,0.2,13.7
191,477717,Estève,Maxime,Estève,3,2,38,3.8,7.0,85,2.5,2933,0,0,3,70,2,0,0,1,0,0,0,264,745.4,92.5,97.0,93.7,2.0,0.5,22.4
192,494960,Hartman,Quilindschy,Hartman,3,2,40,4.0,0.6,63,3.0,1825,0,6,3,40,0,0,0,1,0,0,0,228,422.2,288.8,83.0,79.5,0.2,0.0,15.8
193,461188,Humphreys,Bashir,Humphreys,3,2,39,3.9,0.1,47,2.4,1574,0,2,2,33,0,0,0,6,0,0,1,210,379.0,135.6,101.0,61.4,0.8,0.2,12.1
194,241231,Jordan,Jordan,Beyer,3,2,39,3.9,0.1,0,0.0,0,0,0,0,0,0,0,0,0,0,0,0,0,0.0,0.0,0.0,0.0,0.0,0.0,0.0
195,549329,Lucas Pires,Lucas,Pires Silva,3,2,38,3.8,0.3,25,1.2,1405,0,0,1,30,0,0,0,1,1,0,0,127,247.0,294.6,117.0,65.6,1.2,0.3,6.6
196,450072,Sambo,Shurandy,Sambo,3,2,40,4.0,0.0,0,0.0,0,0,0,0,0,0,0,0,0,0,0,0,0,0.0,0.0,0.0,0.0,0.0,0.0,0.0
197,519895,Sonne,Oliver,Sonne,3,2,38,3.8,0.2,13,1.9,164,1,0,0,4,0,0,0,0,0,0,0,20,44.8,18.1,30.0,9.2,0.0,0.0,3.4
198,180804,Tuanzebe,Axel,Tuanzebe,3,2,39,3.9,0.9,34,2.4,1201,1,0,1,26,1,0,0,1,0,0,0,102,276.4,11.1,52.0,34.1,1.8,0.5,8.7
199,208912,Worrall,Joe,Worrall,3,2,38,3.8,0.2,20,1.8,496,0,0,0,11,0,0,0,0,0,0,0,40,147.4,1.5,19.0,17.0,0.0,0.0,5.3
200,444180,Anthony,Jaidon,Anthony,3,3,50,5.0,2.4,127,3.4,2717,8,4,4,59,0,0,0,4,0,0,6,513,586.8,552.2,619.0,175.8,4.0,0.8,25.4
201,183751,Benson,Manuel,Benson Hedilazio,3,3,54,5.4,0.0,0,0.0,0,0,0,0,0,0,0,0,0,0,0,0,0,0.0,0.0,0.0,0.0,0.0,0.0,0.0
202,179458,Bruun Larsen,Jacob,Bruun Larsen,3,3,52,5.2,0.0,41,1.5,1014,0,1,3,29,0,0,0,0,0,0,0,123,121.0,212.4,140.0,47.4,0.8,0.2,7.9
203,578614,Boateng,Enock,Agyei,3,3,47,4.7,0.0,0,0.0,0,0,0,0,0,0,0,0,0,0,0,0,0,0.0,0.0,0.0,0.0,0.0,0.0,0.0
204,250735,Churlinov,Darko,Churlinov,3,3,49,4.9,0.0,0,0.0,0,0,0,0,0,0,0,0,0,0,0,0,0,0.0,0.0,0.0,0.0,0.0,0.0,0.0
205,172567,Cullen,Josh,Cullen,3,3,49,4.9,0.8,70,3.9,1513,2,2,3,29,1,0,0,2,0,0,8,321,342.0,218.1,98.0,66.0,0.0,0.0,14.3
206,174592,Edwards,Marcus,Edwards,3,3,47,4.7,0.1,51,2.2,1058,1,3,1,18,0,0,0,0,0,0,2,189,180.0,283.9,226.0,68.9,0.2,0.0,10.9
207,465527,Hannibal,Hannibal,Mejbri,3,3,47,4.7,0.1,59,2.2,1219,1,5,2,27,0,0,0,10,0,0,4,261,252.8,330.9,128.0,71.0,1.8,0.4,12.6
208,487702,Koleosho,Luca,Koleosho,3,3,50,5.0,0.0,0,0.0,0,0,0,0,0,0,0,0,0,0,0,0,0,0.0,0.0,0.0,0.0,0.0,0.0,0.0
209,167887,Laurent,Josh,Laurent,3,3,48,4.8,0.0,56,1.7,1752,1,0,2,41,0,0,0,6,1,0,1,232,298.0,185.1,111.0,58.6,0.8,0.2,11.7
210,469272,Tchaouna,Loum,Tchaouna,3,3,48,4.8,0.0,59,2.0,1259,2,2,2,24,0,0,0,2,0,0,0,208,185.8,231.1,173.0,59.3,4.2,0.9,12.3
211,447715,A.Ramsey,Aaron,Ramsey,3,3,44,4.4,1.4,0,0.0,0,0,0,0,0,0,0,0,0,0,0,0,0,0.0,0.0,0.0,0.0,0.0,0.0,0.0
212,576323,Adewumi,Oluwaseun,Adewumi,3,3,45,4.5,0.0,0,0.0,0,0,0,0,0,0,0,0,0,0,0,0,0,0.0,0.0,0.0,0.0,0.0,0.0,0.0
213,551206,Banel,Jaydon,Banel,3,3,45,4.5,0.0,1,1.0,9,0,0,0,0,0,0,0,0,0,0,0,2,0.0,0.5,0.0,0.0,0.0,0.0,0.2
214,437748,Trésor,Mike,Trésor Ndayishimiye,3,3,43,4.3,0.1,6,1.0,37,0,0,0,2,0,0,0,0,0,0,0,18,7.2,15.2,2.0,2.4,0.0,0.0,1.4
215,431639,Flemming,Zian,Flemming,3,4,53,5.3,0.8,99,3.4,1764,11,0,3,35,0,0,0,5,0,0,11,371,466.0,159.5,533.0,114.9,4.2,0.8,18.7
216,492831,Amdouni,Zeki,Amdouni,3,4,48,4.8,0.0,4,1.0,69,0,0,0,0,0,0,0,0,0,0,0,10,2.6,5.1,20.0,2.6,1.0,0.2,0.8
217,435973,Foster,Lyle,Foster,3,4,49,4.9,0.7,58,2.2,1361,3,2,4,30,0,0,0,4,0,0,4,202,219.0,147.0,262.0,62.1,0.2,0.0,11.8
218,44699,Barnes,Ashley,Barnes,3,4,42,4.2,1.2,5,0.9,40,0,0,0,3,0,0,0,2,0,0,0,11,2.2,1.9,44.0,4.8,0.0,0.0,1.2
219,220598,Obafemi,Michael,Obafemi,3,4,44,4.4,0.1,0,0.0,0,0,0,0,0,0,0,0,0,0,0,0,0,0.0,0.0,0.0,0.0,0.0,0.0,0.0
470,67089,Dúbravka,Martin,Dúbravka,3,1,40,4.0,25.7,96,2.7,3150,0,0,4,71,0,0,0,1,0,127,7,436,976.4,0.0,0.0,97.9,0.5,0.1,24.0
614,101178,Ward-Prowse,James,Ward-Prowse,3,3,56,5.6,0.2,40,2.2,1092,0,1,2,27,0,0,0,1,0,0,0,248,215.0,384.4,22.0,62.1,1.2,0.2,7.1
676,503714,Ugochukwu,Lesley,Ugochukwu,3,3,50,5.0,0.1,97,2.8,2330,3,3,3,51,0,0,0,1,1,0,5,374,412.2,181.5,210.0,80.2,2.2,0.4,19.4
680,440323,Broja,Armando,Broja,3,4,52,5.2,0.1,43,1.8,843,1,1,1,27,0,0,0,0,0,0,2,119,102.0,78.9,207.0,38.5,0.2,0.0,8.3
722,216055,Florentino,Florentino Ibrain,Morris Luís,3,3,50,5.0,0.0,84,2.7,2100,0,2,2,45,0,0,0,6,0,0,0,357,421.0,234.5,56.0,71.4,3.2,0.6,16.8
776,647960,Pimlott,Oliver,Pimlott,3,3,45,4.5,0.0,0,0.0,0,0,0,0,0,0,0,0,0,0,0,0,0,0.0,0.0,0.0,0.0,0.0,0.0,0.0
784,704232,Brierley,George,Brierley,3,3,45,4.5,0.0,0,0.0,0,0,0,0,0,0,0,0,0,0,0,0,0,0.0,0.0,0.0,0.0,0.0,0.0,0.0
820,644593,McMahon-Brown,Kian,McMahon-Brown,3,3,45,4.5,0.0,0,0.0,0,0,0,0,0,0,0,0,0,0,0,0,0,0.0,0.0,0.0,0.0,0.0,0.0,0.0
66,69752,Neto,Norberto,Murara Neto,4,1,45,4.5,0.1,0,0.0,0,0,0,0,0,0,0,0,0,0,0,0,0,0.0,0.0,0.0,0.0,0.0,0.0,0.0
67,457569,Petrović,Đorđe,Petrović,4,1,46,4.6,5.2,124,3.3,3420,0,0,11,54,1,0,0,3,0,109,5,512,822.6,0.0,0.0,82.4,4.5,1.0,27.0
68,444172,Dennis,Will,Dennis,4,1,40,4.0,0.7,0,0.0,0,0,0,0,0,0,0,0,0,0,0,0,0,0.0,0.0,0.0,0.0,0.0,0.0,0.0
69,568791,McKenna,Callan,McKenna,4,1,39,3.9,0.2,0,0.0,0,0,0,0,0,0,0,0,0,0,0,0,0,0.0,0.0,0.0,0.0,0.0,0.0,0.0
70,495145,Paulsen,Alex,Paulsen,4,1,40,4.0,0.1,0,0.0,0,0,0,0,0,0,0,0,0,0,0,0,0,0.0,0.0,0.0,0.0,0.0,0.0,0.0
71,477580,Zabarnyi,Illia,Zabarnyi,4,2,50,5.0,0.0,0,0.0,0,0,0,0,0,0,0,0,0,0,0,0,0,0.0,0.0,0.0,0.0,0.0,0.0,0.0
72,221466,Senesi,Marcos,Senesi Barón,4,2,52,5.2,22.0,175,4.7,3288,0,6,11,53,0,0,0,8,0,0,14,571,1114.4,367.8,201.0,168.6,7.0,1.3,33.7
73,54469,Smith,Adam,Smith,4,2,44,4.4,0.2,58,2.6,1073,0,2,6,16,0,0,0,3,0,0,4,185,176.2,76.6,18.0,27.1,4.8,1.1,13.2
74,494521,Truffert,Adrien,Truffert,4,2,48,4.8,5.3,165,4.3,3378,1,6,11,51,0,0,0,5,0,0,19,607,857.0,574.2,194.0,162.6,6.5,1.4,34.4
75,541462,Akinmboni,Matai,Akinmboni,4,2,38,3.8,0.2,0,0.0,0,0,0,0,0,0,0,0,0,0,0,0,0,0.0,0.0,0.0,0.0,0.0,0.0,0.0
76,518906,Bevan,Owen,Bevan,4,2,38,3.8,0.2,0,0.0,0,0,0,0,0,0,0,0,0,0,0,0,0,0.0,0.0,0.0,0.0,0.0,0.0,0.0
77,463981,Hill,James,Hill,4,2,42,4.2,7.4,110,3.8,2102,0,3,8,24,2,0,0,5,0,0,4,386,579.4,161.7,119.0,86.3,5.0,1.2,26.2
78,436893,J.Araujo,Julián,Araujo Zúñiga,4,2,38,3.8,0.5,0,0.0,0,0,0,0,0,0,0,0,0,0,0,0,0,0.0,0.0,0.0,0.0,0.0,0.0,0.0
79,223911,Mepham,Chris,Mepham,4,2,40,4.0,0.1,0,0.0,0,0,0,0,0,0,0,0,0,0,0,0,0,0.0,0.0,0.0,0.0,0.0,0.0,0.0
80,575901,Soler,Julio,Soler Barreto,4,2,39,3.9,0.2,3,1.0,34,0,0,0,2,0,0,0,0,0,0,0,2,1.8,2.5,2.0,0.6,0.0,0.0,0.8
81,222683,Kluivert,Justin,Kluivert,4,3,69,6.9,0.6,41,2.0,945,2,0,4,19,0,0,0,5,0,0,3,147,148.0,305.1,135.0,58.8,0.2,0.0,5.9
84,201658,Tavernier,Marcus,Tavernier,4,3,53,5.3,4.2,137,4.0,2732,7,4,11,44,0,0,0,6,0,0,14,552,656.8,816.6,605.0,207.9,4.2,0.8,25.8
85,200785,Adams,Tyler,Adams,4,3,49,4.9,0.3,77,3.1,1769,2,2,7,28,0,0,0,8,0,0,3,346,387.0,158.2,115.0,66.3,2.8,0.6,15.7
86,111317,Brooks,David,Brooks,4,3,50,5.0,0.2,59,1.9,1188,1,3,5,20,0,0,0,7,0,0,4,215,236.2,384.5,434.0,104.1,1.5,0.3,11.8
87,158499,Christie,Ryan,Christie,4,3,49,4.9,0.1,47,1.8,978,2,1,3,14,0,0,0,3,1,0,2,214,226.6,197.0,220.0,64.7,-0.2,0.0,9.6
88,155408,Cook,Lewis,Cook,4,3,49,4.9,0.0,40,2.2,872,0,1,1,19,0,0,0,1,1,0,0,190,206.8,183.8,12.0,40.6,0.5,0.1,8.2
89,168991,Philip,Philip,Billing,4,3,49,4.9,0.0,0,0.0,0,0,0,0,0,0,0,0,0,0,0,0,0,0.0,0.0,0.0,0.0,0.0,0.0,0.0
90,503139,Scott,Alex,Scott,4,3,49,4.9,2.1,136,3.7,2848,3,2,11,41,0,0,0,5,0,0,9,603,597.2,482.0,314.0,139.0,2.8,0.6,27.8
91,224995,Sinisterra,Luis,Sinisterra Lucumí,4,3,50,5.0,0.0,0,0.0,0,0,0,0,0,0,0,0,0,0,0,0,0,0.0,0.0,0.0,0.0,0.0,0.0,0.0
92,441240,Faivre,Romain,Faivre,4,3,45,4.5,0.1,0,0.0,0,0,0,0,0,0,0,0,0,0,0,0,0,0.0,0.0,0.0,0.0,0.0,0.0,0.0
93,424044,H.Traorè,Hamed,Traorè,4,3,45,4.5,0.3,4,4.0,16,0,1,0,2,0,0,0,0,0,0,0,12,21.2,10.0,0.0,3.1,0.0,0.0,0.9
94,550596,Sadi,Dominic,Sadi,4,3,45,4.5,0.0,0,0.0,0,0,0,0,0,0,0,0,0,0,0,0,0,0.0,0.0,0.0,0.0,0.0,0.0,0.0
95,530121,Silcott-Duberry,Zain,Silcott-Duberry,4,3,44,4.4,0.1,0,0.0,0,0,0,0,0,0,0,0,0,0,0,0,0,0.0,0.0,0.0,0.0,0.0,0.0,0.0
96,606775,Winterburn,Ben,Winterburn,4,3,45,4.5,0.0,1,1.0,6,0,0,0,2,0,0,0,0,0,0,0,3,0.0,0.0,0.0,0.0,0.0,0.0,0.2
97,444102,Evanilson,Francisco Evanilson,de Lima Barbosa,4,4,66,6.6,2.4,115,3.2,2741,6,7,11,40,0,0,0,2,0,0,6,412,350.6,397.9,809.0,155.5,2.5,0.4,17.4
98,168636,Enes Ünal,Enes,Ünal,4,4,54,5.4,0.0,27,1.2,214,1,0,0,3,0,0,0,1,0,0,1,83,70.2,25.0,104.0,19.1,1.0,0.2,5.0
99,590760,Adu-Adjei,Daniel,Adu-Adjei,4,4,44,4.4,0.1,0,0.0,0,0,0,0,0,0,0,0,0,0,0,0,0,0.0,0.0,0.0,0.0,0.0,0.0,0.0
100,560262,Kroupi.Jr,Junior,Kroupi,4,4,47,4.7,7.6,113,3.4,1663,13,0,10,21,0,0,0,5,0,0,13,480,532.2,306.9,563.0,139.9,4.5,1.0,24.0
391,496208,Gannon-Doak,Ben,Gannon-Doak,4,3,48,4.8,0.0,11,1.4,105,0,1,0,1,0,0,0,0,0,0,0,33,32.4,17.8,39.0,8.9,0.5,0.1,2.3
685,242882,Diakité,Bafodé,Diakité,4,2,41,4.1,0.3,46,2.6,1275,0,0,4,27,0,0,0,1,0,0,2,164,267.0,54.3,22.0,34.4,0.0,0.0,11.2
687,606774,Rees-Dottin,Remy,Rees-Dottin,4,3,43,4.3,0.2,0,0.0,0,0,0,0,0,0,0,0,0,0,0,0,0,0.0,0.0,0.0,0.0,0.0,0.0,0.0
697,489888,Adli,Amine,Adli,4,3,54,5.4,0.2,67,2.2,1074,3,2,3,17,0,0,0,2,0,0,4,241,272.6,235.9,260.0,76.1,0.8,0.1,12.4
713,551483,A.Jimenez,Álex,Jiménez Sánchez,4,2,45,4.5,0.1,74,2.4,2315,1,2,6,39,0,0,0,10,0,0,2,297,406.0,269.3,184.0,85.9,1.5,0.3,16.4
721,620487,Milosavljević,Veljko,Milosavljevic,4,2,44,4.4,0.0,19,2.7,367,0,0,1,6,0,0,0,0,0,0,0,63,98.4,13.9,10.0,12.2,0.0,0.0,4.3
756,678552,DaCosta,Malcom,DaCosta,4,3,45,4.5,0.0,0,0.0,0,0,0,0,0,0,0,0,0,0,0,0,0,0.0,0.0,0.0,0.0,0.0,0.0,0.0
782,40383,Forster,Fraser,Forster,4,1,40,4.0,0.0,0,0.0,0,0,0,0,0,0,0,0,0,0,0,0,0,0.0,0.0,0.0,0.0,0.0,0.0,0.0
799,658013,Stevens,Charlie,Stevens,4,3,45,4.5,0.0,0,0.0,0,0,0,0,0,0,0,0,0,0,0,0,0,0.0,0.0,0.0,0.0,0.0,0.0,0.0
801,614574,Tóth.A,Alex,Tóth,4,3,49,4.9,0.0,8,0.9,135,0,0,0,3,0,0,0,1,0,0,0,32,18.6,60.2,18.0,9.6,0.5,0.1,1.6
806,436416,Mandas,Christos,Mandas,4,1,40,4.0,0.0,0,0.0,0,0,0,0,0,0,0,0,0,0,0,0,0,0.0,0.0,0.0,0.0,0.0,0.0,0.0
807,499604,Rayan,Rayan Vitor,Simplício Rocha,4,3,54,5.4,2.3,67,4.5,1110,5,2,6,10,0,0,0,1,0,0,3,238,277.6,211.9,263.0,75.3,5.5,1.0,12.4
27,200641,Nelson,Reiss,Nelson,5,3,48,4.8,0.1,13,1.3,118,0,1,0,2,0,0,0,0,0,0,0,39,42.6,32.6,29.0,10.0,1.0,0.2,2.7
83,533463,O.Dango,Dango,Ouattara,5,3,56,5.6,1.6,136,4.2,2271,7,8,6,35,0,0,0,5,0,0,16,429,509.8,422.8,702.0,162.8,5.0,0.9,24.3
101,200720,Kelleher,Caoimhín,Kelleher,5,1,48,4.8,12.0,143,3.9,3330,0,0,10,49,0,3,0,1,0,109,11,570,913.8,23.0,0.0,93.8,4.2,0.9,29.8
102,235448,Balcombe,Ellery,Balcombe,5,1,39,3.9,0.2,0,0.0,0,0,0,0,0,0,0,0,0,0,0,0,0,0.0,0.0,0.0,0.0,0.0,0.0,0.0
103,503300,Cox,Matthew,Cox,5,1,39,3.9,0.1,0,0.0,0,0,0,0,0,0,0,0,0,0,0,0,0,0.0,0.0,0.0,0.0,0.0,0.0,0.0
104,535017,Eyestone,Julian,Eyestone,5,1,39,3.9,0.1,0,0.0,0,0,0,0,0,0,0,0,0,0,0,0,0,0.0,0.0,0.0,0.0,0.0,0.0,0.0
105,507433,Valdimarsson,Hákon Rafn,Valdimarsson,5,1,38,3.8,1.0,1,1.0,90,0,0,0,3,0,0,0,0,0,1,0,1,13.0,0.0,0.0,1.3,0.0,0.0,0.3
106,432830,Collins,Nathan,Collins,5,2,49,4.9,2.4,129,3.7,2971,1,2,9,44,1,0,0,7,0,0,7,450,848.6,143.8,325.0,131.9,3.0,0.6,26.3
107,249231,Lewis-Potter,Keane,Lewis-Potter,5,2,48,4.8,1.5,115,3.2,1960,3,4,9,32,0,0,0,1,0,0,5,356,378.2,332.2,353.0,106.4,3.8,0.8,24.0
108,191866,Ajer,Kristoffer,Ajer,5,2,44,4.4,0.2,76,2.8,1805,0,2,5,32,0,0,0,4,0,0,1,211,401.4,59.1,165.0,62.7,1.2,0.3,17.3
109,194010,Henry,Rico,Henry,5,2,43,4.3,0.1,52,2.1,1322,0,2,4,22,0,0,0,2,0,0,0,144,151.6,82.0,35.0,26.9,0.0,0.0,12.1
110,607464,Kayode,Michael,Kayode,5,2,46,4.6,1.0,113,3.1,3258,1,2,10,49,1,0,0,8,0,0,9,494,613.8,470.2,130.0,121.7,1.8,0.4,24.6
111,231065,Pinnock,Ethan,Pinnock,5,2,42,4.2,0.1,14,3.5,318,0,0,1,5,1,0,0,1,0,0,2,53,88.6,1.2,33.0,12.3,0.0,0.0,3.3
112,226956,Roerslev,Mads,Roerslev Rasmussen,5,2,45,4.5,0.0,0,0.0,0,0,0,0,0,0,0,0,0,0,0,0,0,0.0,0.0,0.0,0.0,0.0,0.0,0.0
113,444765,Van den Berg,Sepp,van den Berg,5,2,44,4.4,1.0,113,3.5,2761,0,3,8,41,0,0,0,2,0,0,3,435,659.0,98.0,305.0,106.3,2.8,0.6,25.7
114,622536,Arthur,Benjamin,Arthur,5,2,38,3.8,0.2,0,0.0,0,0,0,0,0,0,0,0,0,0,0,0,0,0.0,0.0,0.0,0.0,0.0,0.0,0.0
115,612534,Fredrick,Benjamin,Fredrick,5,2,40,4.0,0.1,0,0.0,0,0,0,0,0,0,0,0,0,0,0,0,0,0.0,0.0,0.0,0.0,0.0,0.0,0.0
116,472713,Hickey,Aaron,Hickey,5,2,40,4.0,0.3,37,1.8,679,0,0,2,9,0,0,0,1,0,0,0,105,101.4,17.1,43.0,16.0,0.8,0.2,9.2
117,570241,Ji-soo,Kim,Ji-soo,5,2,39,3.9,0.1,0,0.0,0,0,0,0,0,0,0,0,0,0,0,0,0,0.0,0.0,0.0,0.0,0.0,0.0,0.0
118,499717,Meghoma,Jayden,Meghoma,5,2,40,4.0,0.0,0,0.0,0,0,0,0,0,0,0,0,0,0,0,0,0,0.0,0.0,0.0,0.0,0.0,0.0,0.0
120,513418,Schade,Kevin,Schade,5,3,68,6.8,1.3,125,3.6,2744,8,5,11,34,0,0,1,6,1,0,5,385,536.8,380.1,821.0,172.8,3.0,0.4,18.4
121,440089,Damsgaard,Mikkel,Damsgaard,5,3,56,5.6,0.8,113,3.4,2046,4,4,5,32,0,0,0,0,0,0,9,467,530.6,691.3,326.0,155.0,4.0,0.7,20.2
122,543295,Milambo,Antoni,Milambo,5,3,52,5.2,0.0,1,1.0,45,0,0,0,3,0,0,0,0,0,0,0,5,4.0,1.8,0.0,0.6,0.0,0.0,0.2
123,244858,Carvalho,Fábio,Freitas Gouveia Carvalho,5,3,46,4.6,0.1,13,2.2,100,1,0,0,4,0,0,0,0,0,0,1,42,39.0,6.5,36.0,8.1,0.0,0.0,2.8
124,56979,Henderson,Jordan,Henderson,5,3,50,5.0,0.3,76,2.4,1911,1,3,6,28,0,0,0,6,0,0,5,343,336.6,358.3,49.0,74.4,0.2,0.0,15.2
125,204580,Janelt,Vitaly,Janelt,5,3,49,4.9,0.1,74,3.0,1434,1,4,5,21,0,0,0,8,0,0,6,334,350.4,351.8,97.0,79.0,0.8,0.2,15.1
126,207283,Jensen,Mathias,Jensen,5,3,49,4.9,0.1,98,2.7,2239,3,2,9,33,0,0,0,3,0,0,1,465,435.6,632.7,201.0,126.9,4.2,0.9,20.0
127,626464,Nunes,Gustavo,Nunes Fernandes Gomes,5,3,49,4.9,0.0,0,0.0,0,0,0,0,0,0,0,0,0,0,0,0,0,0.0,0.0,0.0,0.0,0.0,0.0,0.0
128,428580,Onyeka,Frank,Onyeka,5,3,48,4.8,0.0,12,2.0,88,0,2,0,2,0,0,0,0,0,0,0,41,28.4,13.6,4.0,4.6,0.0,0.0,2.5
129,508395,Yarmoliuk,Yehor,Yarmoliuk,5,3,50,5.0,0.1,104,2.8,2652,1,3,8,42,0,0,0,7,0,0,1,448,445.0,273.0,117.0,83.4,3.4,0.7,20.8
130,606689,Donovan,Romelle,Donovan,5,3,44,4.4,0.1,4,1.0,38,0,0,0,0,0,0,0,0,0,0,0,19,8.4,11.5,21.0,4.2,0.0,0.0,0.9
131,628204,Konak,Yunus Emre,Konak,5,3,43,4.3,0.1,0,0.0,0,0,0,0,0,0,0,0,0,0,0,0,0,0.0,0.0,0.0,0.0,0.0,0.0,0.0
132,220695,Maghoma,Paris,Maghoma,5,3,45,4.5,0.0,0,0.0,0,0,0,0,0,0,0,0,0,0,0,0,0,0.0,0.0,0.0,0.0,0.0,0.0,0.0
133,450539,Peart-Harris,Myles,Peart-Harris,5,3,44,4.4,0.0,1,1.0,1,0,0,0,0,0,0,0,0,0,0,0,2,0.0,0.0,0.0,0.0,0.0,0.0,0.2
134,591357,Trevitt,Ryan,Trevitt,5,3,45,4.5,0.0,0,0.0,0,0,0,0,0,0,0,0,0,0,0,0,0,0.0,0.0,0.0,0.0,0.0,0.0,0.0
136,502500,Thiago,Igor Thiago,Nascimento Rodrigues,5,4,72,7.2,30.2,181,4.8,3282,22,1,10,50,0,0,1,7,0,0,22,710,1019.4,382.5,1170.0,256.9,2.6,0.4,25.1
137,533710,Morgan,Iwan,Morgan,5,4,44,4.4,0.3,0,0.0,0,0,0,0,0,0,0,0,0,0,0,0,0,0.0,0.0,0.0,0.0,0.0,0.0,0.0
748,183656,Dasilva,Josh,Dasilva,5,3,49,4.9,0.0,2,1.0,2,0,0,0,0,0,0,0,0,0,0,0,5,0.4,11.3,4.0,1.6,0.4,0.1,0.4
797,593174,Furo,Kaye,Furo,5,4,45,4.5,0.0,1,1.0,1,0,0,0,0,0,0,0,0,0,0,0,2,0.0,0.0,0.0,0.0,0.2,0.0,0.2
810,559610,Bentt,Luka,Bentt,5,3,45,4.5,0.0,0,0.0,0,0,0,0,0,0,0,0,0,0,0,0,0,0.0,0.0,0.0,0.0,0.0,0.0,0.0
819,494556,Shield,Ollie,Shield,5,2,40,4.0,0.0,0,0.0,0,0,0,0,0,0,0,0,0,0,0,0,0,0.0,0.0,0.0,0.0,0.0,0.0,0.0
823,649240,Stephenson,Joshua,Stephenson,5,2,40,4.0,0.0,0,0.0,0,0,0,0,0,0,0,0,0,0,0,0,0,0.0,0.0,0.0,0.0,0.0,0.0,0.0
824,587433,McManus,Conor,McManus,5,2,40,4.0,0.0,0,0.0,0,0,0,0,0,0,0,0,0,0,0,0,0,0.0,0.0,0.0,0.0,0.0,0.0,0.0
826,547671,Owen,Riley,Owen,5,3,45,4.5,0.0,0,0.0,0,0,0,0,0,0,0,0,0,0,0,0,0,0.0,0.0,0.0,0.0,0.0,0.0,0.0
138,49262,Steele,Jason,Steele,6,1,42,4.2,0.2,0,0.0,0,0,0,0,0,0,0,0,0,0,0,0,0,0.0,0.0,0.0,0.0,0.0,0.0,0.0
139,489639,Verbruggen,Bart,Verbruggen,6,1,46,4.6,9.3,130,3.4,3420,0,0,10,46,1,1,0,3,0,106,6,616,935.0,10.0,0.0,94.7,3.0,0.7,28.3
140,209288,McGill,Tom,McGill,6,1,39,3.9,0.3,0,0.0,0,0,0,0,0,0,0,0,0,0,0,0,0,0.0,0.0,0.0,0.0,0.0,0.0,0.0
141,472739,Rushworth,Carl,Rushworth,6,1,40,4.0,0.0,0,0.0,0,0,0,0,0,0,0,0,0,0,0,0,0,0.0,0.0,0.0,0.0,0.0,0.0,0.0
142,240514,Scherpen,Kjell,Scherpen,6,1,40,4.0,0.0,0,0.0,0,0,0,0,0,0,0,0,0,0,0,0,0,0.0,0.0,0.0,0.0,0.0,0.0,0.0
143,204120,Boscagli,Olivier,Boscagli,6,2,42,4.2,0.1,39,3.2,799,0,1,3,10,0,0,0,2,0,0,4,171,215.6,82.2,12.0,31.1,0.2,0.0,9.3
144,550090,Coppola,Diego,Coppola,6,2,42,4.2,0.0,10,2.0,193,0,0,1,3,0,0,0,2,0,0,0,32,42.4,3.7,2.0,4.8,0.0,0.0,2.4
145,465730,De Cuyper,Maxim,De Cuyper,6,2,43,4.3,1.7,84,2.8,1404,2,3,5,23,0,0,0,2,0,0,9,318,327.8,516.6,154.0,99.9,4.5,1.0,19.5
146,83299,Dunk,Lewis,Dunk,6,2,45,4.5,1.0,100,3.0,2837,1,1,7,40,0,0,0,10,0,0,5,443,649.6,125.5,210.0,98.7,4.5,1.0,22.2
147,204214,Estupiñan,Pervis,Estupiñán Tenorio,6,2,45,4.5,0.0,0,0.0,0,0,0,0,0,0,0,0,0,0,0,0,0,0.0,0.0,0.0,0.0,0.0,0.0,0.0
148,231416,F.Kadıoğlu,Ferdi,Kadıoğlu,6,2,45,4.5,1.4,118,3.2,3130,1,2,10,41,0,0,0,6,0,0,7,514,505.0,444.8,284.0,123.7,2.5,0.6,26.2
149,223434,Igor,Igor Julio,dos Santos de Paulo,6,2,45,4.5,0.1,6,1.5,103,0,0,0,3,0,0,0,0,0,0,0,10,25.8,10.6,0.0,3.6,0.0,0.0,1.3
150,232792,Lamptey,Tariq,Lamptey,6,2,44,4.4,0.1,0,0.0,0,0,0,0,0,0,0,0,0,0,0,0,0,0.0,0.0,0.0,0.0,0.0,0.0,0.0
151,469142,Van Hecke,Jan Paul,van Hecke,6,2,47,4.7,10.7,148,4.1,3210,3,3,10,44,1,0,0,9,0,0,8,575,980.6,240.4,295.0,152.0,2.8,0.6,31.5
152,111478,Veltman,Joël,Veltman,6,2,43,4.3,0.1,46,1.9,1047,1,0,2,13,0,0,0,5,0,0,1,176,247.0,80.5,68.0,39.6,2.0,0.5,10.7
153,110735,Webster,Adam,Webster,6,2,44,4.4,0.0,0,0.0,0,0,0,0,0,0,0,0,0,0,0,0,0,0.0,0.0,0.0,0.0,0.0,0.0,0.0
154,439135,Cashin,Eiran,Cashin,6,2,40,4.0,0.0,0,0.0,0,0,0,0,0,0,0,0,0,0,0,0,0,0.0,0.0,0.0,0.0,0.0,0.0,0.0
155,589100,Slater,Jacob,Slater,6,2,40,4.0,0.1,0,0.0,0,0,0,0,0,0,0,0,0,0,0,0,0,0.0,0.0,0.0,0.0,0.0,0.0,0.0
156,547720,Tasker,Charlie,Tasker,6,2,38,3.8,0.2,0,0.0,0,0,0,0,0,0,0,0,0,0,0,0,0,0.0,0.0,0.0,0.0,0.0,0.0,0.0
157,451340,Mitoma,Mitoma,Kaoru,6,3,61,6.1,1.9,62,2.5,1714,3,1,5,20,0,0,0,5,0,0,2,247,288.4,422.3,416.0,112.3,0.2,0.0,10.2
158,463067,Georginio,Georginio,Rutter,6,3,56,5.6,0.3,87,2.7,1776,3,5,7,20,1,0,0,2,0,0,2,290,338.6,349.5,448.0,113.5,1.0,0.2,15.5
159,109345,March,Solly,March,6,3,58,5.8,0.0,4,1.0,38,0,0,0,1,0,0,0,0,0,0,0,18,7.4,2.2,23.0,3.2,0.8,0.1,0.7
160,592031,Minteh,Yankuba,Minteh,6,3,55,5.5,2.5,117,3.4,2389,3,8,11,33,0,0,0,3,0,0,9,466,491.8,691.4,617.0,180.3,3.8,0.7,21.3
161,474120,Enciso,Julio,Enciso Espínola,6,3,54,5.4,0.0,0,0.0,0,0,0,0,0,0,0,0,0,0,0,0,0,0.0,0.0,0.0,0.0,0.0,0.0,0.0
162,513433,Gruda,Brajan,Gruda,6,3,54,5.4,0.0,35,1.9,708,1,1,2,11,0,0,0,2,0,0,2,114,134.4,217.1,152.0,50.0,0.0,0.0,6.5
163,532529,Hinshelwood,Jack,Hinshelwood,6,3,52,5.2,1.6,91,3.4,1736,4,5,7,23,1,0,0,0,0,0,2,317,312.6,228.0,412.0,94.8,5.0,1.0,17.5
164,219249,O'Riley,Matt,O'Riley,6,3,55,5.5,0.3,16,2.7,202,1,0,1,3,0,0,0,0,0,0,2,48,65.4,67.7,63.0,19.6,0.0,0.0,2.9
165,516211,Sima,Abdallah,Sima,6,3,54,5.4,0.0,0,0.0,0,0,0,0,0,0,0,0,0,0,0,0,0,0.0,0.0,0.0,0.0,0.0,0.0,0.0
166,509416,Ayari,Yasin,Ayari,6,3,48,4.8,0.4,98,3.4,1921,3,4,6,24,0,0,0,1,0,0,7,406,359.8,251.3,231.0,84.5,0.5,0.1,20.4
167,535301,Baleba,Carlos,Baleba,6,3,45,4.5,1.5,56,1.8,1646,0,0,7,19,0,0,0,5,0,0,0,231,166.8,156.3,44.0,36.8,2.8,0.6,12.4
169,514254,Gomez,Diego,Gómez Amarilla,6,3,49,4.9,0.4,97,3.0,2117,5,1,8,29,0,0,0,9,0,0,9,361,438.2,319.7,432.0,119.0,0.5,0.1,19.8
170,15157,Milner,James,Milner,6,3,49,4.9,0.1,35,1.8,772,1,1,2,17,0,0,0,2,0,0,0,158,139.0,151.4,59.0,34.7,0.2,0.0,7.1
171,441192,Sarmiento,Jeremy,Sarmiento Morante,6,3,49,4.9,0.0,0,0.0,0,0,0,0,0,0,0,0,0,0,0,0,0,0.0,0.0,0.0,0.0,0.0,0.0,0.0
172,549074,Watson,Tom,Watson,6,3,48,4.8,0.0,5,0.8,57,0,0,0,2,0,0,0,1,0,0,0,15,6.0,2.4,7.0,1.6,0.0,0.0,1.0
173,467779,Wieffer,Mats,Wieffer,6,3,48,4.8,0.3,94,3.6,1901,2,4,6,26,0,0,0,8,0,0,6,398,477.0,291.1,209.0,97.7,0.8,0.2,19.6
174,611695,Yalcouye,Malick,Yalcouyé,6,3,50,5.0,0.0,0,0.0,0,0,0,0,0,0,0,0,0,0,0,0,0,0.0,0.0,0.0,0.0,0.0,0.0,0.0
175,567121,Knight,Joe,Knight,6,3,44,4.4,0.1,1,1.0,1,0,0,0,0,0,0,0,0,0,0,0,3,0.0,0.0,0.0,0.0,0.0,0.0,0.2
176,550141,Mazilu,Adrian,Mazilu,6,3,45,4.5,0.0,0,0.0,0,0,0,0,0,0,0,0,0,0,0,0,0,0.0,0.0,0.0,0.0,0.0,0.0,0.0
177,513834,Moran,Andrew,Moran,6,3,45,4.5,0.0,0,0.0,0,0,0,0,0,0,0,0,0,0,0,0,0,0.0,0.0,0.0,0.0,0.0,0.0,0.0
178,50175,Welbeck,Danny,Welbeck,6,4,63,6.3,8.4,126,3.4,2249,13,1,10,28,0,0,2,5,0,0,18,511,578.8,309.7,803.0,168.2,2.5,0.4,20.0
179,487117,Ferguson,Evan,Ferguson,6,4,55,5.5,0.0,0,0.0,0,0,0,0,0,0,0,0,0,0,0,0,0,0.0,0.0,0.0,0.0,0.0,0.0,0.0
180,608181,Tzimas,Stefanos,Tzimas,6,4,52,5.2,0.1,16,1.8,132,1,1,0,2,0,0,0,0,0,0,0,55,66.6,65.7,44.0,17.7,0.0,0.0,3.1
181,647850,Kostoulas,Charalampos,Kostoulas,6,4,48,4.8,0.3,35,1.7,351,2,1,1,9,0,0,0,2,0,0,3,140,143.6,126.5,255.0,52.4,1.0,0.2,7.3
744,556637,Oriola,Nehemiah,Oriola,6,3,45,4.5,0.0,1,1.0,1,0,0,0,0,0,0,0,0,0,0,0,3,0.0,0.0,0.0,0.0,0.0,0.0,0.2
761,604988,Simmonds,Freddie,Simmonds,6,2,40,4.0,0.0,0,0.0,0,0,0,0,0,0,0,0,0,0,0,0,0,0.0,0.0,0.0,0.0,0.0,0.0,0.0
783,60307,Groß,Pascal,Groß,6,3,56,5.6,3.0,78,4.1,1636,1,6,6,17,0,0,0,2,0,0,10,389,397.2,668.2,220.0,128.5,3.2,0.6,13.9
795,597320,Howell,Harry,Howell,6,3,45,4.5,0.0,4,1.3,92,0,0,0,2,0,0,0,0,0,0,0,11,10.2,5.1,2.0,1.8,0.0,0.0,0.9
220,215059,Sánchez,Robert,Lynch Sánchez,7,1,48,4.8,10.3,113,3.2,3040,0,1,9,49,0,0,0,3,1,98,7,509,822.2,50.0,0.0,86.7,1.2,0.3,23.5
221,508479,Jörgensen,Filip,Jörgensen,7,1,43,4.3,0.2,9,1.8,378,0,0,0,5,0,0,0,0,0,8,0,50,79.8,0.0,0.0,7.9,0.8,0.2,2.1
222,549939,Penders,Mike,Penders,7,1,40,4.0,0.0,0,0.0,0,0,0,0,0,0,0,0,0,0,0,0,0,0.0,0.0,0.0,0.0,0.0,0.0,0.0
223,471798,Slonina,Gabriel,Słonina,7,1,38,3.8,0.1,0,0.0,0,0,0,0,0,0,0,0,0,0,0,0,0,0.0,0.0,0.0,0.0,0.0,0.0,0.0
224,179268,Cucurella,Marc,Cucurella Saseta,7,2,61,6.1,14.6,104,3.1,2706,1,4,9,39,0,0,0,8,1,0,5,468,562.8,577.8,309.0,145.1,1.8,0.3,17.0
225,225796,James,Reece,James,7,2,56,5.6,6.0,115,4.0,1957,2,6,8,20,0,0,0,4,0,0,11,493,459.0,483.7,116.0,106.1,0.5,0.1,20.5
226,180736,Chalobah,Trevoh,Chalobah,7,2,54,5.4,8.8,136,4.0,2780,3,1,9,40,0,0,0,3,1,0,7,516,719.2,111.2,160.0,99.1,0.8,0.1,25.2
227,460028,Colwill,Levi,Samuels Colwill,7,2,47,4.7,0.2,8,2.7,225,0,0,0,4,0,0,0,0,0,0,0,30,66.0,7.6,6.0,8.0,2.0,0.4,1.7
228,482609,Gusto,Malo,Gusto,7,2,48,4.8,1.7,96,2.8,2255,2,3,7,36,1,0,0,3,1,0,7,406,443.6,448.5,205.0,109.8,0.2,0.0,20.0
229,242880,B.Badiashile,Benoît,Badiashile Mukinayi,7,2,44,4.4,0.0,7,0.9,470,0,0,0,10,0,0,0,2,0,0,0,48,102.8,7.9,2.0,11.4,0.0,0.0,1.6
230,444463,Fofana,Wesley,Fofana,7,2,44,4.4,0.4,65,2.6,1718,0,2,4,25,0,0,0,5,2,0,3,288,463.6,65.6,74.0,60.4,1.2,0.3,14.8
231,574458,M.Sarr,Mamadou,Sarr,7,2,45,4.5,0.0,3,1.0,100,0,0,0,3,0,0,0,0,0,0,0,4,6.4,0.1,7.0,1.3,0.2,0.0,0.7
232,109646,Tosin,Tosin,Adarabioyo,7,2,40,4.0,0.3,34,2.1,788,0,0,2,14,0,0,0,2,0,0,2,130,240.4,33.3,19.0,29.3,0.0,0.0,8.5
233,577016,Acheampong,Josh,Acheampong,7,2,37,3.7,1.8,39,2.3,657,1,0,2,13,0,0,0,1,0,0,5,118,132.6,40.9,70.0,24.4,0.8,0.2,10.5
234,622758,Anselmino,Aarón,Anselmino,7,2,40,4.0,0.1,0,0.0,0,0,0,0,0,0,0,0,0,0,0,0,0,0.0,0.0,0.0,0.0,0.0,0.0,0.0
235,244851,Palmer,Cole,Palmer,7,3,103,10.3,12.6,114,4.4,1954,10,2,3,33,0,0,1,5,0,0,11,430,536.6,393.6,547.0,147.7,3.0,0.3,11.1
236,247632,Neto,Pedro,Lomba Neto,7,3,70,7.0,3.9,125,3.7,2629,5,7,11,33,0,0,0,2,1,0,9,543,523.0,836.2,505.0,186.7,2.8,0.4,17.9
237,448047,Enzo,Enzo,Fernández,7,3,65,6.5,12.3,157,4.4,3114,10,5,8,46,0,0,0,10,0,0,19,700,835.6,1063.2,747.0,264.6,6.0,0.9,24.2
238,624773,Estêvão,Estêvão,Almeida de Oliveira Gonçalves,7,3,64,6.4,1.7,58,2.6,839,2,5,4,11,0,0,0,4,0,0,4,172,183.4,230.9,314.0,72.6,0.0,0.0,9.1
239,463936,Gittens,Jamie,Bynoe-Gittens,7,3,60,6.0,0.1,25,1.6,486,0,2,1,7,0,0,0,0,0,0,0,99,93.0,130.4,91.0,31.3,0.0,0.0,4.2
240,213198,Nkunku,Christopher,Nkunku,7,3,59,5.9,0.1,0,0.0,0,0,0,0,0,0,0,0,0,0,0,0,0,0.0,0.0,0.0,0.0,0.0,0.0,0.0
241,486672,Caicedo,Moisés,Caicedo Corozo,7,3,57,5.7,7.1,110,3.3,2796,3,1,6,47,0,0,0,11,1,0,10,580,562.4,403.1,128.0,109.2,2.0,0.4,19.3
244,514356,Lavia,Roméo,Lavia,7,3,49,4.9,0.0,13,1.1,374,0,0,0,10,0,0,0,0,0,0,0,81,34.4,46.6,14.0,9.5,0.2,0.0,2.7
245,465920,Mudryk,Mykhailo,Mudryk,7,3,49,4.9,0.0,0,0.0,0,0,0,0,0,0,0,0,0,0,0,0,0,0.0,0.0,0.0,0.0,0.0,0.0,0.0
246,532605,Andrey Santos,Andrey,Nascimento dos Santos,7,3,44,4.4,0.3,47,1.7,1247,1,0,1,18,0,0,0,4,0,0,3,257,229.6,153.9,91.0,47.5,3.2,0.7,10.7
247,491007,D.Essugo,Dário,Luís Essugo,7,3,43,4.3,0.1,1,0.3,26,0,0,0,1,0,0,0,2,0,0,0,7,11.4,2.1,2.0,1.6,0.0,0.0,0.2
248,611134,Paez,Kendry,Páez Andrade,7,3,45,4.5,0.0,0,0.0,0,0,0,0,0,0,0,0,0,0,0,0,0,0.0,0.0,0.0,0.0,0.0,0.0,0.0
249,475168,João Pedro,João Pedro,Junqueira de Jesus,7,4,74,7.4,34.8,177,5.1,2658,15,9,10,36,0,0,0,5,0,0,30,715,758.4,456.6,909.0,212.1,2.8,0.4,23.9
250,463034,Delap,Liam,Delap,7,4,62,6.2,0.9,45,1.6,1092,1,2,2,18,0,0,0,4,0,0,1,123,67.8,73.7,349.0,47.3,0.5,0.1,7.3
251,517052,N.Jackson,Nicolas,Jackson,7,4,65,6.5,0.1,0,0.0,0,0,0,0,0,0,0,0,0,0,0,0,0,0.0,0.0,0.0,0.0,0.0,0.0,0.0
252,499309,Marc Guiu,Marc,Guiu Paz,7,4,40,4.0,5.2,13,1.3,265,0,1,0,3,0,0,0,1,0,0,0,19,24.6,40.1,86.0,13.1,0.0,0.0,3.2
453,493105,Garnacho,Alejandro,Garnacho Ferreyra,7,3,64,6.4,0.4,56,2.3,1261,1,4,4,20,0,0,0,2,0,0,3,222,211.4,405.3,399.0,100.5,0.2,0.0,8.8
672,551210,Hato,Jorrel,Hato,7,2,46,4.6,0.2,19,0.9,1139,0,0,0,27,0,0,0,7,0,0,0,93,233.2,114.9,36.0,38.4,1.0,0.2,4.1
743,611912,Emenalo,Landon,Emenalo,7,3,45,4.5,0.0,0,0.0,0,0,0,0,0,0,0,0,0,0,0,0,0,0.0,0.0,0.0,0.0,0.0,0.0,0.0
789,518335,Merrick,Max,Merrick,7,1,40,4.0,0.0,0,0.0,0,0,0,0,0,0,0,0,0,0,0,0,0,0.0,0.0,0.0,0.0,0.0,0.0,0.0
803,499857,Sharman-Lowe,Teddy,Sharman-Lowe,7,1,40,4.0,0.0,0,0.0,0,0,0,0,0,0,0,0,0,0,0,0,0,0.0,0.0,0.0,0.0,0.0,0.0,0.0
829,619734,Derry,Jesse,Derry,7,3,45,4.5,0.0,1,1.0,45,0,0,0,2,0,0,0,0,0,0,0,5,4.6,6.4,25.0,3.6,0.2,0.0,0.2
833,671606,Eboué,Mathis,Eboué,7,3,45,4.5,0.0,0,0.0,0,0,0,0,0,0,0,0,0,0,0,0,0,0.0,0.0,0.0,0.0,0.0,0.0,0.0
834,616286,Kavuma-McQueen,Ryan,Kavuma-McQueen,7,3,45,4.5,0.0,0,0.0,0,0,0,0,0,0,0,0,0,0,0,0,0,0.0,0.0,0.0,0.0,0.0,0.0,0.0
840,567119,Mheuka,Shumaira,Mheuka,7,4,45,4.5,0.0,1,1.0,1,0,0,0,0,0,0,0,0,0,0,0,3,2.0,0.3,0.0,0.2,0.5,0.1,0.2
253,172649,Henderson,Dean,Henderson,8,1,51,5.1,9.0,131,3.5,3330,0,0,11,51,0,1,0,5,0,106,7,538,837.8,10.0,0.0,84.7,1.4,0.3,25.7
254,121709,Benitez,Walter,Benítez,8,1,39,3.9,0.3,7,7.0,90,0,0,1,0,0,0,0,0,0,3,0,29,22.8,0.0,0.0,2.3,0.0,0.0,1.8
255,169593,Matthews,Remi,Matthews,8,1,39,3.9,0.1,0,0.0,0,0,0,0,0,0,0,0,0,0,0,0,0,0.0,0.0,0.0,0.0,0.0,0.0,0.0
256,247348,Muñoz,Daniel,Muñoz Mejía,8,2,59,5.9,9.2,136,4.7,2400,4,4,10,33,0,0,0,7,0,0,9,469,595.0,396.6,404.0,139.5,2.0,0.3,23.1
257,437499,Lacroix,Maxence,Lacroix,8,2,52,5.2,7.1,154,4.4,3085,1,2,11,47,0,0,0,4,1,0,11,529,822.0,106.4,316.0,124.3,1.6,0.3,29.6
258,244723,Mitchell,Tyrick,Mitchell,8,2,50,5.0,2.3,135,3.6,3253,1,3,12,47,0,0,0,6,0,0,8,498,649.0,467.3,241.0,136.0,1.8,0.4,27.0
259,218364,Sosa,Borna,Sosa,8,2,48,4.8,0.1,6,0.9,99,0,0,0,2,0,0,0,1,0,0,0,9,12.6,24.1,8.0,4.5,0.0,0.0,1.2
261,427623,Richards,Chris,Richards,8,2,44,4.4,2.2,128,3.9,2825,1,0,11,42,0,0,0,4,0,0,5,453,727.2,159.6,185.0,107.6,1.0,0.2,29.1
262,515621,Chadi Riad,Chadi,Riad Dnanou,8,2,40,4.0,0.1,20,2.2,550,0,1,1,8,0,0,0,2,0,0,0,84,117.8,23.9,41.0,18.3,1.2,0.3,5.0
263,57328,Clyne,Nathaniel,Clyne,8,2,38,3.8,0.5,17,1.7,592,0,1,0,12,0,0,0,1,0,0,2,50,105.2,55.0,33.0,19.2,0.4,0.1,4.5
264,156074,Holding,Rob,Holding,8,2,40,4.0,0.0,0,0.0,0,0,0,0,0,0,0,0,0,0,0,0,0,0.0,0.0,0.0,0.0,0.0,0.0,0.0
265,590012,Kporha,Caleb,Kporha,8,2,40,4.0,0.0,0,0.0,0,0,0,0,0,0,0,0,0,0,0,0,0,0.0,0.0,0.0,0.0,0.0,0.0,0.0
267,232185,Sarr,Ismaïla,Sarr,8,3,64,6.4,5.6,117,4.2,2173,9,2,9,29,0,0,0,2,0,0,9,359,479.8,269.4,601.0,135.1,3.4,0.5,18.3
268,438464,Doucouré,Cheick,Doucouré,8,3,49,4.9,0.0,0,0.0,0,0,0,0,0,0,0,0,0,0,0,0,0,0.0,0.0,0.0,0.0,0.0,0.0,0.0
269,606921,Esse,Romain,Esse,8,3,47,4.7,0.1,4,1.0,40,0,0,0,0,0,0,0,0,0,0,0,12,6.8,2.7,6.0,1.5,0.0,0.0,0.9
270,108413,Hughes,Will,Hughes,8,3,47,4.7,0.1,45,1.5,1560,0,1,5,18,0,0,0,7,0,0,0,217,198.0,322.9,90.0,60.9,0.6,0.1,9.6
271,209400,Kamada,Daichi,Kamada,8,3,50,5.0,0.1,67,2.4,1899,0,2,6,28,0,0,0,3,0,0,0,331,239.2,350.1,155.0,74.5,1.6,0.3,13.4
272,152551,Lerma,Jefferson,Lerma Solís,8,3,49,4.9,0.1,69,2.2,1722,0,5,7,25,2,0,0,7,0,0,3,296,287.6,207.2,233.0,72.5,1.4,0.3,14.1
273,496221,Wharton,Adam,Wharton,8,3,50,5.0,0.7,112,3.3,2552,1,6,8,43,0,0,0,4,1,0,8,511,494.4,720.0,180.0,139.6,3.6,0.7,22.4
274,579075,Agbinone,Asher,Agbinone,8,3,43,4.3,0.1,0,0.0,0,0,0,0,0,0,0,0,0,0,0,0,0,0.0,0.0,0.0,0.0,0.0,0.0,0.0
275,466117,Ahamada,Naouirou,Ahamada,8,3,43,4.3,0.0,0,0.0,0,0,0,0,0,0,0,0,0,0,0,0,0,0.0,0.0,0.0,0.0,0.0,0.0,0.0
276,489706,Devenny,Justin,Devenny,8,3,43,4.3,1.1,36,1.7,785,1,0,1,15,0,0,0,0,0,0,0,108,115.0,101.8,168.0,38.4,1.2,0.3,8.4
277,450535,Ebiowei,Malcolm,Ebiowei,8,3,45,4.5,0.0,0,0.0,0,0,0,0,0,0,0,0,0,0,0,0,0,0.0,0.0,0.0,0.0,0.0,0.0,0.0
278,450542,J.Rak-Sakyi,Jesurun,Rak-Sakyi,8,3,44,4.4,0.0,0,0.0,0,0,0,0,0,0,0,0,0,0,0,0,0,0.0,0.0,0.0,0.0,0.0,0.0,0.0
279,536694,M.França,Matheus,França de Oliveira,8,3,45,4.5,0.0,0,0.0,0,0,0,0,0,0,0,0,0,0,0,0,0,0.0,0.0,0.0,0.0,0.0,0.0,0.0
280,531989,Ozoh,David,Ozoh,8,3,45,4.5,0.0,0,0.0,0,0,0,0,0,0,0,0,0,0,0,0,0,0.0,0.0,0.0,0.0,0.0,0.0,0.0
281,530318,Rodney,Kaden,Rodney,8,3,44,4.4,0.1,1,1.0,3,0,0,0,0,0,0,0,0,0,0,0,2,0.0,0.1,0.0,0.0,0.0,0.0,0.2
282,574398,Umeh,Franco,Umeh-Chibueze,8,3,45,4.5,0.0,0,0.0,0,0,0,0,0,0,0,0,0,0,0,0,0,0.0,0.0,0.0,0.0,0.0,0.0,0.0
283,231747,Mateta,Jean-Philippe,Mateta,8,4,76,7.6,8.1,114,3.6,2210,12,0,8,29,0,0,0,2,0,0,13,397,567.2,160.6,786.0,150.8,2.8,0.4,15.0
284,205533,Nketiah,Eddie,Nketiah,8,4,54,5.4,0.3,23,1.9,414,2,0,0,12,0,0,0,2,0,0,3,100,120.0,84.6,173.0,37.8,0.0,0.0,4.3
285,199670,Édouard,Odsonne,Édouard,8,4,50,5.0,0.2,1,1.0,2,0,0,0,0,0,0,0,0,0,0,0,6,2.0,0.0,0.0,0.2,0.0,0.0,0.2
286,576980,Marsh,Zach,Marsh,8,4,44,4.4,0.3,0,0.0,0,0,0,0,0,0,0,0,0,0,0,0,0,0.0,0.0,0.0,0.0,0.0,0.0,0.0
580,242898,Johnson,Brennan,Johnson,8,3,65,6.5,2.4,65,1.9,1710,2,1,6,24,0,0,0,6,0,0,2,217,223.4,311.1,230.0,75.8,1.4,0.2,10.0
654,247412,Strand Larsen,Jørgen,Strand Larsen,8,4,58,5.8,1.4,75,2.1,2301,4,1,5,41,0,0,1,4,0,0,3,215,265.2,203.1,469.0,91.5,1.8,0.3,12.9
677,485337,Guessand,Evann,Guessand,8,3,62,6.2,0.0,44,2.1,909,1,3,2,15,0,0,0,0,0,0,0,143,159.4,76.6,187.0,42.0,0.4,0.1,7.1
690,590014,Cardines,Rio,Cardines,8,3,44,4.4,0.3,2,2.0,90,0,0,0,2,0,0,0,0,0,0,0,21,15.2,30.0,4.0,4.9,0.4,0.1,0.5
712,488024,Yeremy,Yéremy,Pino Santos,8,3,58,5.8,0.2,77,2.3,2074,2,2,7,28,0,0,0,4,0,0,3,331,325.8,718.4,371.0,141.4,1.4,0.2,13.3
723,651426,Canvot,Jaydee,Canvot,8,2,45,4.5,0.5,72,3.6,1331,0,0,5,23,0,0,0,3,0,0,9,216,362.4,63.8,56.0,48.1,1.4,0.3,16.0
732,660392,Uche,Christantus,Uche,8,4,55,5.5,0.1,17,1.2,159,0,1,0,4,0,0,0,0,0,0,0,42,13.2,7.1,73.0,8.8,0.0,0.0,3.1
762,672492,Drakes-Thomas,Joél,Drakes-Thomas,8,3,45,4.5,0.0,2,1.0,7,0,0,0,1,0,0,0,0,0,0,0,6,1.4,1.0,0.0,0.3,0.0,0.0,0.4
773,643426,Benamar,Dean,Benamar,8,2,40,4.0,0.0,0,0.0,0,0,0,0,0,0,0,0,0,0,0,0,0,0.0,0.0,0.0,0.0,0.0,0.0,0.0
780,631106,Casey,Ben,Casey,8,4,45,4.5,0.0,0,0.0,0,0,0,0,0,0,0,0,0,0,0,0,0,0.0,0.0,0.0,0.0,0.0,0.0,0.0
793,591384,King,George,King,8,2,40,4.0,0.0,0,0.0,0,0,0,0,0,0,0,0,0,0,0,0,0,0.0,0.0,0.0,0.0,0.0,0.0,0.0
798,502988,Imray,Danny,Imray,8,2,40,4.0,0.0,0,0.0,0,0,0,0,0,0,0,0,0,0,0,0,0,0.0,0.0,0.0,0.0,0.0,0.0,0.0
242,215413,Dewsbury-Hall,Kiernan,Dewsbury-Hall,9,3,53,5.3,7.9,151,4.9,2629,8,7,8,39,0,0,0,6,0,0,18,598,619.4,601.1,438.0,166.0,2.8,0.5,28.5
243,550615,George,Tyrique,George,9,3,48,4.8,0.1,16,1.1,351,0,0,1,9,0,0,0,2,0,0,0,55,44.2,66.2,132.0,23.9,0.8,0.2,3.3
287,111234,Pickford,Jordan,Pickford,9,1,56,5.6,13.0,135,3.6,3420,0,0,11,50,0,1,0,4,0,100,11,545,885.2,20.3,2.0,90.8,1.8,0.3,24.1
288,229600,Travers,Mark,Travers,9,1,42,4.2,0.1,0,0.0,0,0,0,0,0,0,0,0,0,0,0,0,0,0.0,0.0,0.0,0.0,0.0,0.0,0.0
289,447325,Tyrer,Harry,Tyrer,9,1,39,3.9,0.1,0,0.0,0,0,0,0,0,0,0,0,0,0,0,0,0,0.0,0.0,0.0,0.0,0.0,0.0,0.0
290,480455,Branthwaite,Jarrad,Branthwaite,9,2,53,5.3,0.3,32,3.2,678,1,1,1,9,0,0,0,1,0,0,0,108,175.0,42.8,75.0,29.3,0.0,0.0,6.0
291,17761,Tarkowski,James,Tarkowski,9,2,58,5.8,12.6,170,4.6,3330,2,3,11,48,0,0,0,8,0,0,12,592,995.6,235.6,422.0,165.7,5.2,0.9,29.3
292,224967,Mykolenko,Vitalii,Mykolenko,9,2,49,4.9,0.7,95,2.9,2959,0,1,9,47,1,0,0,6,0,0,2,350,559.2,394.1,71.0,102.3,1.0,0.2,19.4
293,512462,O'Brien,Jake,O'Brien,9,2,49,4.9,0.7,116,3.1,3118,1,3,10,46,0,0,0,6,1,0,2,368,582.8,282.9,206.0,107.5,2.0,0.4,23.7
294,59949,Coleman,Séamus,Coleman,9,2,42,4.2,0.1,5,1.0,19,0,0,0,1,0,0,0,0,0,0,0,13,7.0,19.3,0.0,2.7,0.5,0.1,1.2
295,106611,Keane,Michael,Keane,9,2,45,4.5,3.1,131,4.0,2588,3,1,7,42,0,0,0,1,1,0,8,404,770.4,47.4,299.0,111.7,2.8,0.6,29.1
296,243571,Patterson,Nathan,Patterson,9,2,44,4.4,0.0,22,3.1,238,0,0,2,2,0,0,0,0,0,0,0,67,65.6,6.4,17.0,8.8,0.2,0.0,5.0
297,496178,Dixon,Roman,Dixon,9,2,38,3.8,0.2,0,0.0,0,0,0,0,0,0,0,0,0,0,0,0,0,0.0,0.0,0.0,0.0,0.0,0.0,0.0
298,474907,Welch,Reece,Welch,9,2,38,3.8,0.1,0,0.0,0,0,0,0,0,0,0,0,0,0,0,0,0,0.0,0.0,0.0,0.0,0.0,0.0,0.0
299,440993,Ndiaye,Iliman,Ndiaye,9,3,63,6.3,4.7,128,4.0,2781,6,3,8,44,0,0,0,2,0,0,7,540,605.8,479.2,578.0,166.5,2.0,0.3,20.3
300,433154,McNeil,Dwight,McNeil,9,3,55,5.5,0.1,53,2.4,1161,0,3,6,9,0,0,0,1,0,0,1,186,140.6,242.4,138.0,52.2,0.2,0.0,9.6
301,502697,Alcaraz,Carlos,Alcaraz Durán,9,3,52,5.2,0.1,29,1.4,679,0,1,3,10,0,0,0,4,0,0,0,121,93.8,161.9,162.0,41.8,0.8,0.2,5.6
302,80801,Gana,Idrissa Gana,Gueye,9,3,54,5.4,0.1,83,3.3,2094,2,3,5,26,0,0,0,1,1,0,4,419,382.6,259.2,208.0,85.1,0.0,0.0,15.4
303,232928,Garner,James,Garner,9,3,52,5.2,3.6,159,4.2,3413,2,7,11,50,0,0,0,12,0,0,13,818,887.0,958.0,237.0,208.4,2.8,0.5,30.6
304,490094,Iroegbunam,Tim,Iroegbunam,9,3,48,4.8,0.0,68,2.3,1477,0,3,8,18,0,0,0,9,0,0,1,225,255.0,125.2,81.0,45.9,2.2,0.5,14.2
305,609873,Armstrong,Harrison,Armstrong,9,3,45,4.5,0.1,21,1.6,524,0,0,1,11,0,0,0,0,0,0,0,84,60.0,69.7,78.0,21.0,0.5,0.1,4.7
306,547801,Bates,Callum,Bates,9,3,43,4.3,0.1,0,0.0,0,0,0,0,0,0,0,0,0,0,0,0,0,0.0,0.0,0.0,0.0,0.0,0.0,0.0
307,504296,Ebere,Coby,Ebere,9,3,44,4.4,0.0,0,0.0,0,0,0,0,0,0,0,0,0,0,0,0,0,0.0,0.0,0.0,0.0,0.0,0.0,0.0
308,496279,Heath,Isaac,Heath,9,3,45,4.5,0.0,0,0.0,0,0,0,0,0,0,0,0,0,0,0,0,0,0.0,0.0,0.0,0.0,0.0,0.0,0.0
309,491557,Metcalfe,Jenson,Metcalfe,9,3,45,4.5,0.0,0,0.0,0,0,0,0,0,0,0,0,0,0,0,0,0,0.0,0.0,0.0,0.0,0.0,0.0,0.0
310,586309,Barry,Thierno,Barry,9,4,57,5.7,0.8,95,2.5,1898,8,0,7,34,0,0,0,3,0,0,9,295,341.0,207.7,501.0,102.5,3.8,0.7,16.7
311,486385,Beto,Norberto Bercique,Gomes Betuncal,9,4,51,5.1,3.3,104,2.8,1551,9,1,5,19,0,0,0,3,0,0,15,343,445.8,159.8,655.0,124.5,3.0,0.6,20.4
312,491012,Y.Chermiti,Youssef,Ramalho Chermiti,9,4,49,4.9,0.1,0,0.0,0,0,0,0,0,0,0,0,0,0,0,0,0,0.0,0.0,0.0,0.0,0.0,0.0,0.0
313,536241,Sherif,Martin,Sherif,9,4,44,4.4,0.1,0,0.0,0,0,0,0,0,0,0,0,0,0,0,0,0,0.0,0.0,0.0,0.0,0.0,0.0,0.0
419,114283,Grealish,Jack,Grealish,9,3,63,6.3,5.6,79,4.0,1627,2,6,7,23,0,0,0,3,1,0,12,356,374.2,520.5,397.0,129.2,0.0,0.0,12.5
630,138001,King,Tom,King,9,1,39,3.9,1.2,0,0.0,0,0,0,0,0,0,0,0,0,0,0,0,0,0.0,0.0,0.0,0.0,0.0,0.0,0.0
667,499300,Aznou,Adam,Aznou,9,2,42,4.2,0.1,0,0.0,0,0,0,0,0,0,0,0,0,0,0,0,0,0.0,0.0,0.0,0.0,0.0,0.0,0.0
704,461446,Onyango,Tyler,Onyango,9,3,45,4.5,0.0,0,0.0,0,0,0,0,0,0,0,0,0,0,0,0,0,0.0,0.0,0.0,0.0,0.0,0.0,0.0
705,491745,Campbell,Elijah,Campbell,9,2,39,3.9,0.1,0,0.0,0,0,0,0,0,0,0,0,0,0,0,0,0,0.0,0.0,0.0,0.0,0.0,0.0,0.0
707,496661,Dibling,Tyler,Dibling,9,3,53,5.3,0.0,18,1.3,349,0,0,2,2,0,0,0,2,0,0,0,49,46.0,61.0,32.0,13.6,0.0,0.0,3.4
728,513466,Röhl,Merlin,Röhl,9,3,50,5.0,0.0,36,2.2,675,1,1,2,13,0,0,0,0,0,0,2,98,113.0,87.4,62.0,26.3,4.5,0.9,7.2
779,629068,Graham,Braiden,Graham,9,4,45,4.5,0.0,0,0.0,0,0,0,0,0,0,0,0,0,0,0,0,0,0.0,0.0,0.0,0.0,0.0,0.0,0.0
314,80201,Leno,Bernd,Leno,10,1,50,5.0,2.3,122,3.2,3420,0,0,9,51,1,0,0,3,0,98,8,556,816.2,0.0,0.0,81.5,3.5,0.7,24.4
315,428971,Benda,Steven,Benda,10,1,40,4.0,0.0,0,0.0,0,0,0,0,0,0,0,0,0,0,0,0,0,0.0,0.0,0.0,0.0,0.0,0.0,0.0
316,169528,Robinson,Antonee,Robinson,10,2,49,4.9,0.9,65,3.0,1487,1,0,4,19,0,0,0,5,0,0,7,280,375.0,334.6,82.0,79.3,5.0,1.0,13.3
317,174874,Andersen,Joachim,Andersen,10,2,44,4.4,2.8,123,3.7,2882,0,1,8,45,0,0,0,7,1,0,8,424,790.6,131.0,148.0,107.0,0.2,0.0,28.0
318,232892,Bassey,Calvin,Bassey,10,2,44,4.4,0.8,103,3.4,2532,1,1,7,40,0,0,0,5,0,0,9,392,574.0,152.2,115.0,84.5,2.8,0.6,23.4
319,166477,Castagne,Timothy,Castagne,10,2,43,4.3,0.2,61,2.0,1838,0,2,3,31,0,0,0,4,0,0,3,294,373.0,292.2,195.0,86.2,4.0,0.9,14.2
320,219924,Diop,Issa,Diop,10,2,43,4.3,0.1,31,2.4,812,1,0,1,13,0,0,0,2,0,0,3,103,190.8,8.0,31.0,23.0,4.5,1.0,7.2
321,246301,J.Cuenca,Jorge,Cuenca Barreno,10,2,43,4.3,0.1,39,2.6,935,0,0,2,11,0,0,0,6,0,0,1,155,249.6,47.2,14.0,31.2,0.0,0.0,9.1
322,167074,Tete,Kenny,Tete,10,2,45,4.5,0.2,81,3.7,1791,1,0,6,25,0,0,0,2,0,0,5,318,416.0,214.1,108.0,73.9,0.0,0.0,18.0
323,591385,Amissah,Samuel,Amissah,10,2,38,3.8,0.1,0,0.0,0,0,0,0,0,0,0,0,0,0,0,0,0,0.0,0.0,0.0,0.0,0.0,0.0,0.0
324,153133,Iwobi,Alex,Iwobi,10,3,61,6.1,1.1,103,3.6,2420,4,3,5,40,0,0,0,3,0,0,13,508,511.2,739.4,343.0,159.4,1.2,0.2,16.9
325,209289,Smith Rowe,Emile,Smith Rowe,10,3,56,5.6,0.5,80,2.2,1909,3,1,6,27,0,0,0,1,0,0,1,351,291.6,330.0,404.0,102.6,2.0,0.4,14.3
327,156689,Andreas,Andreas,Hoelgebaum Pereira,10,3,53,5.3,0.1,0,0.0,0,0,0,0,0,0,0,0,0,0,0,0,0,0.0,0.0,0.0,0.0,0.0,0.0,0.0
328,184349,Sessegnon,Ryan,Sessegnon,10,3,54,5.4,0.1,95,3.5,1816,3,3,6,29,0,0,0,0,0,0,8,332,413.8,225.0,229.0,86.7,0.0,0.0,17.6
329,153682,Wilson,Harry,Wilson,10,3,58,5.8,17.4,168,4.7,2674,10,9,9,38,0,0,0,7,0,0,21,637,707.2,661.1,601.0,196.9,2.2,0.4,29.0
330,207189,Berge,Sander,Berge,10,3,49,4.9,0.1,91,2.6,2904,0,3,8,45,1,0,0,5,0,0,3,503,437.8,365.1,105.0,91.0,1.0,0.2,18.6
331,76357,Cairney,Tom,Cairney,10,3,48,4.8,0.0,41,1.7,756,2,0,2,10,0,0,0,3,0,0,1,181,153.4,195.6,64.0,41.4,2.2,0.5,8.5
332,212314,Lukić,Saša,Lukić,10,3,49,4.9,0.1,67,2.6,1730,1,4,6,22,0,0,0,9,0,0,4,314,317.6,441.6,176.0,93.4,1.8,0.4,13.7
333,573062,Godo,Martial,Godo,10,3,45,4.5,0.0,0,0.0,0,0,0,0,0,0,0,0,0,0,0,0,0,0.0,0.0,0.0,0.0,0.0,0.0,0.0
334,515024,Harris,Luke,Harris,10,3,45,4.5,0.0,0,0.0,0,0,0,0,0,0,0,0,0,0,0,0,0,0.0,0.0,0.0,0.0,0.0,0.0,0.0
335,577725,King,Josh,King,10,3,44,4.4,1.6,63,2.0,1290,1,3,5,18,0,0,0,4,0,0,3,225,207.4,198.7,336.0,73.3,0.8,0.2,14.3
336,153366,Reed,Harrison,Reed,10,3,43,4.3,0.3,15,2.1,89,1,0,0,4,0,0,0,0,0,0,2,48,42.0,44.4,11.0,9.7,0.5,0.1,3.5
337,102057,Raúl,Raúl,Jiménez Rodríguez,10,4,59,5.9,1.8,112,3.1,2183,9,5,9,28,0,0,0,5,0,0,7,410,479.4,331.5,729.0,153.1,1.0,0.2,19.0
338,244042,Muniz,Rodrigo,Muniz Carvalho,10,4,53,5.3,0.7,36,1.7,987,1,1,3,13,1,0,0,2,0,0,3,94,113.2,93.2,287.0,47.3,1.5,0.3,6.8
424,477555,Bobb,Oscar,Bobb,10,3,51,5.1,0.2,42,1.8,1030,0,2,4,13,0,0,0,1,0,0,0,182,140.4,315.4,205.0,66.4,1.8,0.4,8.2
664,86873,Lecomte,Benjamin,Lecomte,10,1,39,3.9,0.7,0,0.0,0,0,0,0,0,0,0,0,0,0,0,0,0,0.0,0.0,0.0,0.0,0.0,0.0,0.0
727,218328,Chukwueze,Samuel,Chukwueze,10,3,53,5.3,0.1,62,2.7,1067,3,4,2,20,0,0,0,0,0,0,1,242,274.0,346.7,243.0,85.8,1.2,0.2,11.7
731,560552,Kevin,Kevin,Santos Lopes de Macedo,10,3,57,5.7,0.1,49,1.9,1030,1,3,4,15,0,0,0,1,0,0,0,183,216.0,246.6,243.0,70.4,1.5,0.3,8.6
737,631786,Kusi-Asare,Jonah,Kusi-Asare,10,4,45,4.5,0.1,6,0.9,49,0,0,0,2,0,0,0,1,0,0,0,19,3.2,12.0,8.0,2.3,0.5,0.1,1.3
770,619536,Ridgeon,Seth,Ridgeon,10,3,45,4.5,0.0,0,0.0,0,0,0,0,0,0,0,0,0,0,0,0,0,0.0,0.0,0.0,0.0,0.0,0.0,0.0
786,505079,McNally,Alfie,McNally,10,1,40,4.0,0.0,0,0.0,0,0,0,0,0,0,0,0,0,0,0,0,0,0.0,0.0,0.0,0.0,0.0,0.0,0.0
168,536916,Buonanotte,Facundo,Buonanotte,11,3,46,4.6,0.1,3,0.8,81,0,0,0,4,0,0,0,1,0,0,0,9,13.2,40.0,21.0,7.4,0.2,0.0,0.7
339,437495,Meslier,Illan,Meslier,11,1,41,4.1,0.3,0,0.0,0,0,0,0,0,0,0,0,0,0,0,0,0,0.0,0.0,0.0,0.0,0.0,0.0,0.0
340,97846,Cairns,Alex,Cairns,11,1,39,3.9,0.1,0,0.0,0,0,0,0,0,0,0,0,0,0,0,0,0,0.0,0.0,0.0,0.0,0.0,0.0,0.0
341,59735,Darlow,Karl,Darlow,11,1,40,4.0,6.9,71,3.2,1980,0,0,5,27,0,0,0,1,0,63,3,334,531.4,0.0,0.0,53.4,4.2,1.0,17.8
342,226182,Bogle,Jayden,Bogle,11,2,44,4.4,0.4,96,2.8,2795,1,5,6,44,0,0,0,6,0,0,1,311,436.0,346.1,218.0,100.3,1.8,0.4,21.8
343,222694,Struijk,Pascal,Struijk,11,2,42,4.2,1.9,108,3.2,2935,0,1,7,48,0,0,0,5,0,0,4,412,697.4,161.5,272.0,113.1,0.8,0.2,25.7
344,434752,Bijol,Jaka,Bijol,11,2,39,3.9,1.3,99,4.0,1888,1,3,5,26,0,0,0,4,0,0,6,323,531.8,84.5,243.0,86.0,4.8,1.2,25.4
345,437738,Bornauw,Sebastiaan,Bornauw,11,2,38,3.8,0.1,25,2.1,429,0,0,2,5,0,0,0,1,0,0,0,73,98.6,6.3,19.0,12.2,2.0,0.5,6.6
346,113564,Byram,Sam,Byram,11,2,37,3.7,0.4,2,1.0,8,0,0,0,1,0,0,0,0,0,0,0,1,5.4,0.0,0.0,0.5,0.2,0.1,0.5
347,243526,Gudmundsson,Gabriel,Gudmundsson,11,2,38,3.8,2.5,68,2.1,2637,0,0,5,45,1,0,0,4,1,0,8,286,442.6,363.7,158.0,96.4,0.0,0.0,17.9
348,214225,Rodon,Joe,Rodon,11,2,39,3.9,3.0,109,3.1,2952,2,0,6,53,0,0,0,3,0,0,5,373,707.2,137.3,242.0,109.1,2.2,0.6,27.9
349,492368,Schmidt,Isaac,Schmidt,11,2,40,4.0,0.1,0,0.0,0,0,0,0,0,0,0,0,0,0,0,0,0,0.0,0.0,0.0,0.0,0.0,0.0,0.0
350,427637,Aaronson,Brenden,Aaronson,11,3,54,5.4,0.8,126,3.4,2449,4,8,9,32,0,0,0,3,0,0,5,446,482.8,486.7,498.0,146.7,1.2,0.2,23.3
351,492859,Gnonto,Wilfried,Gnonto,11,3,51,5.1,0.1,32,1.4,521,0,3,1,14,0,0,0,3,0,0,0,134,85.2,129.3,61.0,27.5,1.0,0.2,6.3
352,221399,Harrison,Jack,Harrison,11,3,51,5.1,0.0,12,1.1,262,0,0,0,5,0,0,0,0,0,0,0,51,30.0,49.4,35.0,11.5,0.0,0.0,2.4
353,200617,James,Daniel,James,11,3,52,5.2,0.1,23,1.2,547,0,0,1,16,0,0,0,0,0,0,0,93,70.8,133.1,133.0,33.9,1.2,0.2,4.4
354,199598,Ampadu,Ethan,Ampadu,11,3,49,4.9,0.6,134,3.8,3119,1,4,8,49,0,0,0,10,0,0,11,586,592.2,384.8,166.0,114.7,4.2,0.9,27.3
355,248937,Greenwood,Sam,Greenwood,11,3,49,4.9,0.0,0,0.0,0,0,0,0,0,0,0,0,0,0,0,0,0,0.0,0.0,0.0,0.0,0.0,0.0,0.0
356,486520,Gruev,Ilia,Gruev,11,3,47,4.7,0.1,56,2.4,1318,0,4,5,23,0,0,0,3,0,0,3,245,199.4,171.0,64.0,43.2,0.0,0.0,11.9
357,433952,Ramazani,Largie,Ramazani,11,3,49,4.9,0.0,0,0.0,0,0,0,0,0,0,0,0,0,0,0,0,0,0.0,0.0,0.0,0.0,0.0,0.0,0.0
358,248056,Tanaka,Tanaka,Ao,11,3,48,4.8,0.2,67,2.4,1307,2,1,3,22,0,0,0,1,0,0,4,288,224.2,307.6,104.0,63.6,4.0,0.8,14.0
359,536119,Crew,Charlie,Crew,11,3,45,4.5,0.0,0,0.0,0,0,0,0,0,0,0,0,0,0,0,0,0,0.0,0.0,0.0,0.0,0.0,0.0,0.0
360,462635,Gelhardt,Joe,Gelhardt,11,3,45,4.5,0.0,0,0.0,0,0,0,0,0,0,0,0,0,0,0,0,0,0.0,0.0,0.0,0.0,0.0,0.0,0.0
361,470294,Gyabi,Darko,Gyabi,11,3,45,4.5,0.0,0,0.0,0,0,0,0,0,0,0,0,0,0,0,0,0,0.0,0.0,0.0,0.0,0.0,0.0,0.0
362,235826,Piroe,Joël,Piroe,11,4,49,4.9,0.3,17,1.1,244,0,0,1,9,0,0,0,0,0,0,0,42,13.6,38.1,120.0,16.5,0.5,0.1,3.5
363,106617,Bamford,Patrick,Bamford,11,4,49,4.9,0.3,0,0.0,0,0,0,0,0,0,0,0,0,0,0,0,0,0.0,0.0,0.0,0.0,0.0,0.0,0.0
364,565297,Mateo Joseph,Mateo,Joseph Fernández-Regatillo,11,4,50,5.0,0.0,0,0.0,0,0,0,0,0,0,0,0,0,0,0,0,0,0.0,0.0,0.0,0.0,0.0,0.0,0.0
365,174594,Nmecha,Lukas,Nmecha,11,4,50,5.0,0.5,73,2.4,1065,6,1,3,23,0,0,1,0,0,0,8,268,290.4,153.5,434.0,87.8,1.2,0.2,14.6
493,180135,Longstaff,Sean,Longstaff,11,3,48,4.8,0.2,56,2.4,1003,2,2,1,20,0,0,0,2,0,0,5,273,291.8,403.7,116.0,81.2,0.8,0.2,11.7
660,466525,Stach,Anton,Stach,11,3,48,4.8,1.7,137,4.7,2369,5,6,7,36,0,0,0,3,0,0,14,550,650.0,921.4,315.0,188.8,3.8,0.8,28.5
665,201595,Perri,Lucas Estella,Perri,11,1,44,4.4,0.3,43,2.7,1440,0,0,3,29,0,0,0,2,0,38,3,153,322.4,0.0,0.0,32.2,0.0,0.0,9.8
691,177815,Calvert-Lewin,Dominic,Calvert-Lewin,11,4,58,5.8,13.7,142,4.1,2721,14,2,8,34,0,0,1,3,0,0,20,472,619.6,311.1,1026.0,194.7,5.5,0.9,24.5
698,435997,Okafor,Noah,Okafor,11,3,55,5.5,0.9,109,3.9,1553,8,3,6,26,0,0,0,3,0,0,11,354,438.8,275.0,435.0,115.0,2.5,0.5,19.8
706,220627,Justin,James,Justin,11,2,40,4.0,2.3,94,3.2,1893,2,1,6,26,0,0,0,4,0,0,9,338,469.8,190.9,220.0,88.3,3.2,0.8,23.5
741,600882,Gray,Harry,Gray,11,4,45,4.5,0.1,0,0.0,0,0,0,0,0,0,0,0,0,0,0,0,0,0.0,0.0,0.0,0.0,0.0,0.0,0.0
787,565863,Chambers,Sam,Chambers,11,3,44,4.4,0.0,0,0.0,0,0,0,0,0,0,0,0,0,0,0,0,0,0.0,0.0,0.0,0.0,0.0,0.0,0.0
837,643970,Lienou,Jayden,Lienou,11,2,40,4.0,0.0,0,0.0,0,0,0,0,0,0,0,0,0,0,0,0,0,0.0,0.0,0.0,0.0,0.0,0.0,0.0
838,577978,Chadwick,Rhys,Chadwick,11,3,45,4.5,0.0,0,0.0,0,0,0,0,0,0,0,0,0,0,0,0,0,0.0,0.0,0.0,0.0,0.0,0.0,0.0
839,592740,Cresswell,Alfie,Cresswell,11,3,45,4.5,0.0,0,0.0,0,0,0,0,0,0,0,0,0,0,0,0,0,0.0,0.0,0.0,0.0,0.0,0.0,0.0
366,116535,A.Becker,Alisson,Becker,12,1,54,5.4,5.1,91,3.5,2340,0,0,8,31,0,0,0,1,0,57,8,389,479.8,0.1,0.0,47.8,0.5,0.1,16.9
367,449027,Mamardashvili,Giorgi,Mamardashvili,12,1,41,4.1,0.7,34,3.4,867,0,0,2,18,0,1,0,0,0,34,2,139,275.6,0.0,0.0,27.5,0.8,0.2,8.3
368,586268,Pécsi,Ármin,Pécsi,12,1,38,3.8,0.9,0,0.0,0,0,0,0,0,0,0,0,0,0,0,0,0,0.0,0.0,0.0,0.0,0.0,0.0,0.0
369,155503,Woodman,Freddie,Woodman,12,1,39,3.9,0.3,6,2.0,212,0,0,0,4,0,0,0,0,0,9,0,34,83.8,0.0,0.0,8.4,0.5,0.1,1.5
370,216094,Frimpong,Jeremie,Frimpong,12,2,57,5.7,4.9,63,3.0,1032,0,5,5,13,0,0,0,1,0,0,1,237,133.2,244.6,186.0,56.5,1.0,0.2,11.1
371,544877,Kerkez,Milos,Kerkez,12,2,56,5.6,2.9,85,2.5,2251,2,1,6,37,0,0,0,4,0,0,4,357,434.6,415.8,141.0,99.4,1.0,0.2,15.2
372,122798,Robertson,Andrew,Robertson,12,2,57,5.7,1.2,55,2.3,1165,1,0,4,16,0,0,0,0,0,0,4,216,239.8,318.8,121.0,68.2,0.5,0.1,9.6
373,97032,Virgil,Virgil,van Dijk,12,2,61,6.1,31.5,175,4.6,3420,6,1,10,53,0,0,0,4,0,0,10,593,1169.4,215.9,490.0,187.6,4.8,0.8,28.7
374,204716,Konaté,Ibrahima,Konaté,12,2,54,5.4,3.8,129,3.6,3090,1,0,10,45,0,0,0,7,0,0,8,532,779.2,160.5,119.0,106.1,1.0,0.2,23.9
375,492777,Bradley,Conor,Bradley,12,2,49,4.9,0.1,42,2.8,928,0,2,4,13,0,0,0,5,0,0,2,157,157.4,105.2,62.0,32.3,0.0,0.0,8.6
376,171287,Gomez,Joe,Gomez,12,2,49,4.9,0.2,33,1.6,594,0,2,2,14,0,0,0,4,0,0,2,94,122.8,77.8,31.0,23.2,0.2,0.0,6.7
377,214285,Tsimikas,Konstantinos,Tsimikas,12,2,48,4.8,0.0,0,0.0,0,0,0,0,0,0,0,0,0,0,0,0,0,0.0,0.0,0.0,0.0,0.0,0.0,0.0
378,611926,Nallo,Amara,Nallo,12,2,37,3.7,0.9,0,0.0,0,0,0,0,0,0,0,0,0,0,0,0,0,0.0,0.0,0.0,0.0,0.0,0.0,0.0
379,219937,R.Williams,Rhys,Williams,12,2,37,3.7,0.5,0,0.0,0,0,0,0,0,0,0,0,0,0,0,0,0,0.0,0.0,0.0,0.0,0.0,0.0,0.0
380,489580,Ramsay,Calvin,Ramsay,12,2,37,3.7,0.3,0,0.0,0,0,0,0,0,0,0,0,0,0,0,0,0,0.0,0.0,0.0,0.0,0.0,0.0,0.0
381,118748,M.Salah,Mohamed,Salah,12,3,140,14.0,15.2,123,4.6,2144,7,7,7,35,0,0,0,1,0,0,11,392,524.8,740.7,805.0,207.1,1.8,0.1,8.8
382,494595,Wirtz,Florian,Wirtz,12,3,83,8.3,8.5,125,3.8,2374,5,4,10,32,0,0,0,1,0,0,17,521,526.4,908.2,665.0,210.0,1.0,0.1,15.1
383,244731,Luis Díaz,Luis,Díaz Marulanda,12,3,80,8.0,0.0,0,0.0,0,0,0,0,0,0,0,0,0,0,0,0,0,0.0,0.0,0.0,0.0,0.0,0.0,0.0
384,243298,Gakpo,Cody,Gakpo,12,3,73,7.3,5.6,131,3.6,2736,7,5,10,39,0,0,0,3,0,0,5,449,540.4,714.7,831.0,208.4,3.0,0.4,17.9
385,223541,Chiesa,Federico,Chiesa,12,3,63,6.3,0.3,37,1.4,317,2,1,0,9,0,0,0,3,0,0,0,135,122.0,47.5,182.0,34.9,0.8,0.1,5.9
386,243016,Mac Allister,Alexis,Mac Allister,12,3,61,6.1,1.8,108,2.9,2654,2,5,7,41,0,0,0,7,0,0,9,490,475.4,562.2,365.0,139.9,2.0,0.3,17.7
387,424876,Szoboszlai,Dominik,Szoboszlai,12,3,71,7.1,15.1,160,4.4,3232,6,7,9,52,0,0,1,8,1,0,21,780,867.8,1324.6,417.0,260.9,6.5,0.9,22.5
388,206915,C.Jones,Curtis,Jones,12,3,54,5.4,0.1,81,2.4,1923,1,3,3,37,0,0,0,2,0,0,6,447,407.4,412.1,227.0,104.6,3.8,0.7,15.0
390,441266,Gravenberch,Ryan,Gravenberch,12,3,54,5.4,3.7,144,4.0,2991,5,5,9,42,0,0,0,5,0,0,17,671,687.0,497.2,220.0,140.1,4.0,0.7,26.7
392,158983,Endo,Endo,Wataru,12,3,49,4.9,0.1,12,1.5,170,0,1,1,5,0,0,0,1,0,0,0,49,56.0,18.1,6.0,8.0,0.0,0.0,2.4
393,535928,Bajcetic,Stefan,Bajčetić Maquieira,12,3,42,4.2,0.2,0,0.0,0,0,0,0,0,0,0,0,0,0,0,0,0,0.0,0.0,0.0,0.0,0.0,0.0,0.0
394,491501,McConnell,James,McConnell,12,3,44,4.4,0.0,0,0.0,0,0,0,0,0,0,0,0,0,0,0,0,0,0.0,0.0,0.0,0.0,0.0,0.0,0.0
395,440148,Morton,Tyler,Morton,12,3,45,4.5,0.0,0,0.0,0,0,0,0,0,0,0,0,0,0,0,0,0,0.0,0.0,0.0,0.0,0.0,0.0,0.0
396,591386,Nyoni,Trey,Nyoni,12,3,43,4.3,0.3,6,1.0,21,0,0,0,1,0,0,0,0,0,0,0,11,4.2,13.4,4.0,2.1,0.2,0.0,1.4
397,447203,Darwin,Darwin,Núñez Ribeiro,12,4,65,6.5,0.1,0,0.0,0,0,0,0,0,0,0,0,0,0,0,0,0,0.0,0.0,0.0,0.0,0.0,0.0,0.0
398,500058,Danns,Jayden,Danns,12,4,43,4.3,0.1,0,0.0,0,0,0,0,0,0,0,0,0,0,0,0,0,0.0,0.0,0.0,0.0,0.0,0.0,0.0
499,219168,Isak,Alexander,Isak,12,4,103,10.3,3.8,41,2.9,694,3,1,1,9,0,0,0,0,0,0,4,140,146.4,39.2,191.0,36.9,0.2,0.0,4.0
661,510663,Ekitiké,Hugo,Ekitiké,12,4,90,9.0,15.7,125,4.5,1797,11,4,7,25,0,0,0,0,0,0,22,433,525.8,307.2,739.0,156.2,0.0,0.0,13.9
686,611922,Ngumoha,Rio,Ngumoha,12,3,43,4.3,1.4,43,2.3,547,2,1,2,12,0,0,0,0,0,0,4,188,176.0,222.8,203.0,60.1,2.8,0.7,10.0
692,647681,Leoni,Giovanni,Leoni,12,2,49,4.9,0.0,0,0.0,0,0,0,0,0,0,0,0,0,0,0,0,0,0.0,0.0,0.0,0.0,0.0,0.0,0.0
746,596042,Morrison,Kieran,Morrison,12,3,45,4.5,0.0,0,0.0,0,0,0,0,0,0,0,0,0,0,0,0,0,0.0,0.0,0.0,0.0,0.0,0.0,0.0
760,519440,Lucky,Wellity,Lucky,12,2,40,4.0,0.0,0,0.0,0,0,0,0,0,0,0,0,0,0,0,0,0,0.0,0.0,0.0,0.0,0.0,0.0,0.0
830,677945,Wright,Will,Wright,12,4,45,4.5,0.0,0,0.0,0,0,0,0,0,0,0,0,0,0,0,0,0,0.0,0.0,0.0,0.0,0.0,0.0,0.0
832,718875,Ndiaye,Talla,Ndiaye,12,2,40,4.0,0.0,0,0.0,0,0,0,0,0,0,0,0,0,0,0,0,0,0.0,0.0,0.0,0.0,0.0,0.0,0.0
82,437730,Semenyo,Antoine,Semenyo,13,3,80,8.0,46.2,202,5.5,3200,17,6,12,52,0,0,1,7,0,0,18,678,923.2,607.4,1047.0,257.7,4.2,0.5,25.2
182,432720,Trafford,James,Trafford,13,1,45,4.5,0.9,13,3.2,360,0,0,1,6,0,0,0,0,0,14,0,67,118.0,0.0,0.0,11.9,0.4,0.1,2.9
260,209036,Guéhi,Marc,Guéhi,13,2,51,5.1,32.6,179,5.1,3150,3,5,14,35,0,0,0,6,0,0,14,688,901.6,304.6,402.0,160.9,4.2,0.8,35.1
399,121160,Ederson M.,Ederson,Santana de Moraes,13,1,53,5.3,0.8,0,0.0,0,0,0,0,0,0,0,0,0,0,0,0,0,0.0,0.0,0.0,0.0,0.0,0.0,0.0
401,122074,Bettinelli,Marcus,Bettinelli,13,1,38,3.8,0.4,0,0.0,0,0,0,0,0,0,0,0,0,0,0,0,0,0.0,0.0,0.0,0.0,0.0,0.0,0.0
402,448514,Aït-Nouri,Rayan,Aït-Nouri,13,2,57,5.7,4.1,60,3.5,971,0,2,5,8,0,0,0,2,0,0,9,237,195.6,216.4,90.0,50.2,1.4,0.2,10.5
403,477424,Gvardiol,Joško,Gvardiol,13,2,58,5.8,3.2,79,4.4,1370,2,2,6,13,0,0,0,2,0,0,5,303,369.0,109.5,218.0,69.8,0.4,0.1,13.6
404,211975,Akanji,Manuel,Akanji,13,2,54,5.4,0.3,0,0.0,0,0,0,0,0,0,0,0,0,0,0,0,0,0.0,0.0,0.0,0.0,0.0,0.0,0.0
405,126184,Aké,Nathan,Aké,13,2,52,5.2,0.6,36,2.0,686,0,0,3,9,0,0,0,1,0,0,1,151,132.4,111.7,78.0,32.4,1.6,0.3,6.9
406,578153,Khusanov,Abdukodir,Khusanov,13,2,54,5.4,0.7,67,3.2,1427,0,0,6,13,0,0,0,2,0,0,3,293,299.0,112.2,26.0,43.9,2.2,0.4,12.4
407,465351,Matheus N.,Matheus,Nunes,13,2,53,5.3,2.9,154,4.5,2861,1,8,12,28,0,0,0,5,0,0,16,676,696.0,545.0,131.0,137.6,1.8,0.3,29.1
408,171314,Rúben,Rúben,dos Santos Gato Alves Dias,13,2,55,5.5,3.1,113,4.3,2139,2,0,12,22,0,0,0,3,0,0,4,453,560.8,152.2,96.0,81.0,0.2,0.0,20.5
409,97299,Stones,John,Stones,13,2,54,5.4,0.6,16,1.8,436,0,0,1,10,0,0,0,0,0,0,0,55,101.8,24.4,4.0,13.0,0.8,0.1,3.0
410,477064,Lewis,Rico,Lewis,13,2,46,4.6,1.2,19,1.7,401,0,1,1,7,0,0,0,2,0,0,2,72,70.8,112.5,55.0,23.8,0.0,0.0,4.1
411,472769,O'Reilly,Nico,O'Reilly,13,2,53,5.3,19.2,160,4.7,2643,5,4,14,25,0,0,0,5,0,0,10,567,653.8,413.9,573.0,164.1,1.6,0.3,30.2
412,616222,Vitor Reis,Vitor,de Oliveira Nunes dos Reis,13,2,50,5.0,0.0,0,0.0,0,0,0,0,0,0,0,0,0,0,0,0,0,0.0,0.0,0.0,0.0,0.0,0.0,0.0
413,438234,Marmoush,Omar,Marmoush,13,3,83,8.3,2.9,56,2.7,691,3,3,4,5,0,0,0,3,0,0,5,182,203.2,159.8,284.0,64.4,3.2,0.4,6.7
414,209244,Foden,Phil,Foden,13,3,80,8.0,7.8,131,4.0,2078,7,5,11,19,0,0,0,4,0,0,13,563,583.2,918.8,520.0,201.9,3.4,0.4,16.4
415,510281,Savinho,Sávio,Moreira de Oliveira,13,3,69,6.9,0.4,43,1.8,817,1,2,3,7,0,0,0,2,0,0,1,140,138.6,198.4,321.0,65.8,2.6,0.4,6.2
416,165809,Bernardo,Bernardo,Mota Veiga de Carvalho e Silva,13,3,62,6.2,0.7,102,2.7,2869,2,4,13,30,0,0,0,10,0,0,4,534,514.0,809.0,353.0,167.8,2.2,0.4,16.5
417,466052,Cherki,Rayan,Cherki,13,3,65,6.5,17.4,135,4.1,1772,4,13,8,18,0,0,0,1,0,0,16,580,604.2,996.6,579.0,218.1,2.4,0.4,20.8
418,248875,Doku,Jérémy,Doku,13,3,65,6.5,6.6,120,4.0,1773,5,8,8,18,0,0,0,0,0,0,15,526,540.2,841.6,645.0,202.5,6.0,0.9,18.5
420,59859,Gündoğan,İlkay,Gündoğan,13,3,63,6.3,0.1,0,0.0,0,0,0,0,0,0,0,0,0,0,0,0,0,0.0,0.0,0.0,0.0,0.0,0.0,0.0
421,220566,Rodrigo,Rodrigo 'Rodri',Hernandez Cascante,13,3,63,6.3,0.5,69,3.3,1510,1,1,5,15,0,0,0,3,0,0,6,350,358.0,421.5,122.0,90.3,1.4,0.2,11.0
422,91651,Kovačić,Mateo,Kovačić,13,3,58,5.8,0.0,9,1.5,125,0,1,0,3,0,0,0,0,0,0,0,41,46.0,65.5,3.0,11.5,1.4,0.2,1.6
423,465694,N.Gonzalez,Nico,González Iglesias,13,3,59,5.9,0.1,63,2.5,1561,1,0,7,18,0,0,0,6,0,0,1,337,309.8,234.1,72.0,61.5,1.2,0.2,10.7
425,575204,Echeverri,Claudio,Echeverri,13,3,54,5.4,0.0,0,0.0,0,0,0,0,0,0,0,0,0,0,0,0,0,0.0,0.0,0.0,0.0,0.0,0.0,0.0
427,433036,Reijnders,Tijjani,Reijnders,13,3,50,5.0,8.9,92,3.3,1623,5,3,7,18,0,0,0,2,0,0,6,337,340.0,347.8,435.0,111.2,1.2,0.2,18.4
428,566164,Nypan,Sverre,Nypan,13,3,50,5.0,0.0,0,0.0,0,0,0,0,0,0,0,0,0,0,0,0,0,0.0,0.0,0.0,0.0,0.0,0.0,0.0
429,155405,Phillips,Kalvin,Phillips,13,3,47,4.7,0.1,0,0.0,0,0,0,0,0,0,0,0,0,0,0,0,0,0.0,0.0,0.0,0.0,0.0,0.0,0.0
430,223094,Haaland,Erling,Haaland,13,4,147,14.7,62.5,239,6.8,2953,27,8,13,32,0,0,1,2,0,0,43,952,1180.4,320.1,1520.0,302.3,5.4,0.4,16.3
736,204936,Donnarumma,Gianluigi,Donnarumma,13,1,56,5.6,9.3,135,4.0,3060,0,0,15,29,0,1,0,8,0,78,5,567,666.6,10.3,2.0,68.0,3.2,0.6,24.1
739,590039,Mukasa,Divine,Mukasa,13,3,44,4.4,0.0,2,1.0,25,0,0,0,0,0,0,0,0,0,0,0,5,4.2,28.3,4.0,3.7,0.0,0.0,0.5
740,566213,Mfuni,Stephen,Mfuni,13,2,39,3.9,0.0,0,0.0,0,0,0,0,0,0,0,0,0,0,0,0,0,0.0,0.0,0.0,0.0,0.0,0.0,0.0
742,616288,McAidoo,Ryan,McAidoo,13,3,45,4.5,0.0,0,0.0,0,0,0,0,0,0,0,0,0,0,0,0,0,0.0,0.0,0.0,0.0,0.0,0.0,0.0
763,516234,Gray,Charlie,Gray,13,3,45,4.5,0.0,0,0.0,0,0,0,0,0,0,0,0,0,0,0,0,0,0.0,0.0,0.0,0.0,0.0,0.0,0.0
764,580921,Heskey,Reigan,Heskey,13,3,45,4.5,0.0,0,0.0,0,0,0,0,0,0,0,0,0,0,0,0,0,0.0,0.0,0.0,0.0,0.0,0.0,0.0
794,494307,Alleyne,Max,Alleyne,13,2,39,3.9,0.0,5,2.5,135,0,0,0,1,0,0,0,0,0,0,0,27,34.0,14.8,26.0,7.5,0.0,0.0,1.3
119,446008,Mbeumo,Bryan,Mbeumo,14,3,83,8.3,15.0,148,4.5,2611,11,3,8,37,0,0,0,4,0,0,16,528,628.8,803.1,882.0,231.4,4.4,0.5,17.8
431,451302,Bayindir,Altay,Bayındır,14,1,47,4.7,0.3,11,1.8,540,0,0,0,11,0,0,0,0,0,13,0,49,118.4,10.0,0.0,12.8,0.0,0.0,2.3
432,202641,Onana,André,Onana,14,1,49,4.9,0.1,0,0.0,0,0,0,0,0,0,0,0,0,0,0,0,0,0.0,0.0,0.0,0.0,0.0,0.0,0.0
433,588555,Harrison,Elyh,Harrison,14,1,40,4.0,0.0,0,0.0,0,0,0,0,0,0,0,0,0,0,0,0,0,0.0,0.0,0.0,0.0,0.0,0.0,0.0
434,21205,Heaton,Tom,Heaton,14,1,38,3.8,0.6,0,0.0,0,0,0,0,0,0,0,0,0,0,0,0,0,0.0,0.0,0.0,0.0,0.0,0.0,0.0
435,461537,Mee,Dermot,Mee,14,1,39,3.9,0.1,0,0.0,0,0,0,0,0,0,0,0,0,0,0,0,0,0.0,0.0,0.0,0.0,0.0,0.0,0.0
436,209365,De Ligt,Matthijs,de Ligt,14,2,49,4.9,1.8,43,3.3,1170,1,0,1,20,0,0,0,0,0,0,5,169,276.6,60.2,122.0,45.7,0.0,0.0,8.8
437,221820,Martinez,Lisandro,Martínez,14,2,48,4.8,0.4,51,2.8,1229,0,0,5,15,1,0,0,0,1,0,3,241,302.8,94.9,19.0,42.0,3.0,0.6,10.6
438,230001,Mazraoui,Noussair,Mazraoui,14,2,49,4.9,0.3,53,2.6,977,0,0,5,10,0,0,0,3,0,0,6,233,209.0,122.4,37.0,36.8,3.6,0.7,10.8
439,661712,D.Leon,Diego,León Blanco,14,2,41,4.1,0.1,0,0.0,0,0,0,0,0,0,0,0,0,0,0,0,0,0.0,0.0,0.0,0.0,0.0,0.0,0.0
440,216051,Dalot,Diogo,Dalot Teixeira,14,2,45,4.5,3.8,111,3.3,2609,1,6,7,40,0,0,0,5,0,0,9,414,535.8,458.5,202.0,119.6,1.2,0.3,24.7
441,596777,Dorgu,Patrick,Dorgu,14,2,41,4.1,2.4,95,3.7,1440,4,4,4,20,0,0,0,5,0,0,11,321,469.0,394.2,341.0,120.3,4.2,1.0,23.2
442,95658,Maguire,Harry,Maguire,14,2,44,4.4,1.7,90,3.9,1649,1,2,7,20,0,0,0,3,1,0,5,315,381.6,62.5,184.0,63.0,5.4,1.2,20.5
443,106760,Shaw,Luke,Shaw,14,2,45,4.5,1.1,113,3.0,3220,1,1,10,45,0,0,0,9,0,0,3,449,560.2,314.8,97.0,97.4,5.0,1.1,25.1
444,550864,Yoro,Leny,Yoro,14,2,41,4.1,1.2,56,1.8,1730,0,1,2,33,0,0,0,1,0,0,1,191,327.0,83.1,124.0,53.2,0.6,0.1,13.7
445,577974,Amass,Harry,Amass,14,2,40,4.0,0.1,0,0.0,0,0,0,0,0,0,0,0,0,0,0,0,0,0.0,0.0,0.0,0.0,0.0,0.0,0.0
446,547676,Fredricson,Tyler,Fredricson,14,2,37,3.7,0.2,1,1.0,2,0,0,0,0,0,0,0,0,0,0,0,4,4.0,0.0,0.0,0.4,0.0,0.0,0.3
447,606745,Heaven,Ayden,Heaven,14,2,37,3.7,2.6,42,2.5,920,0,1,2,15,1,0,0,2,0,0,3,164,233.6,32.0,26.0,29.1,0.6,0.2,11.4
448,222690,Malacia,Tyrell,Malacia,14,2,37,3.7,0.6,3,1.0,15,0,0,0,1,0,0,0,0,0,0,0,6,7.6,1.5,0.0,0.9,0.2,0.1,0.8
449,141746,B.Fernandes,Bruno,Borges Fernandes,14,3,104,10.4,48.0,235,6.7,3065,9,24,7,46,0,0,2,5,0,0,41,1008,1258.0,1938.5,614.0,381.4,7.2,0.7,22.6
450,430871,Cunha,Matheus,Santos Carneiro da Cunha,14,3,81,8.1,8.7,143,4.3,2493,10,4,8,35,0,0,0,4,0,0,14,591,675.8,545.4,801.0,202.5,3.6,0.4,17.7
451,176297,Rashford,Marcus,Rashford,14,3,70,7.0,0.0,0,0.0,0,0,0,0,0,0,0,0,0,0,0,0,0,0.0,0.0,0.0,0.0,0.0,0.0,0.0
452,493250,Amad,Amad,Diallo,14,3,62,6.2,1.3,91,2.8,2339,2,5,6,33,0,0,0,2,0,0,7,463,436.6,596.1,600.0,163.5,2.8,0.5,14.7
454,467169,Antony,Antony,dos Santos,14,3,59,5.9,0.1,0,0.0,0,0,0,0,0,0,0,0,0,0,0,0,0,0.0,0.0,0.0,0.0,0.0,0.0,0.0
455,184341,Mount,Mason,Mount,14,3,59,5.9,0.3,58,2.5,1010,3,0,5,15,0,0,0,2,0,0,3,201,201.2,214.1,165.0,58.0,2.2,0.4,9.8
457,61256,Casemiro,Carlos Henrique,Casimiro,14,3,58,5.8,3.8,165,4.9,2575,9,4,9,32,0,0,0,9,1,0,20,636,903.6,536.1,585.0,202.8,3.4,0.6,28.4
458,516895,Mainoo,Kobbie,Mainoo,14,3,47,4.7,1.4,73,2.6,1653,1,2,6,22,0,0,0,2,0,0,2,340,365.0,360.1,94.0,82.1,4.8,1.0,15.5
459,232112,Ugarte,Manuel,Ugarte Ribeiro,14,3,47,4.7,0.1,38,1.7,876,0,0,1,23,0,0,0,1,0,0,0,183,167.2,83.6,48.0,29.8,0.0,0.0,8.1
460,490881,Collyer,Toby,Collyer,14,3,45,4.5,0.0,0,0.0,0,0,0,0,0,0,0,0,0,0,0,0,0,0.0,0.0,0.0,0.0,0.0,0.0,0.0
461,556639,Fitzgerald,Jayce,Fitzgerald,14,3,43,4.3,0.0,0,0.0,0,0,0,0,0,0,0,0,0,0,0,0,0,0.0,0.0,0.0,0.0,0.0,0.0,0.0
462,547037,J.Fletcher,Jack,Fletcher,14,3,43,4.3,0.1,3,1.0,107,0,0,0,0,0,0,0,0,0,0,0,10,18.6,24.4,5.0,4.8,0.0,0.0,0.7
463,618873,Kone,Sékou,Koné,14,3,43,4.3,0.1,0,0.0,0,0,0,0,0,0,0,0,0,0,0,0,0,0.0,0.0,0.0,0.0,0.0,0.0,0.0
464,559684,Moorhouse,Jack,Moorhouse,14,3,45,4.5,0.0,0,0.0,0,0,0,0,0,0,0,0,0,0,0,0,0,0.0,0.0,0.0,0.0,0.0,0.0,0.0
465,497894,Højlund,Rasmus,Højlund,14,4,63,6.3,0.3,0,0.0,0,0,0,0,0,0,0,0,0,0,0,0,0,0.0,0.0,0.0,0.0,0.0,0.0,0.0
466,458249,Zirkzee,Joshua,Zirkzee,14,4,58,5.8,0.4,42,1.8,607,2,1,2,8,0,0,0,3,0,0,6,146,164.4,177.7,245.0,58.3,0.8,0.1,7.2
467,596047,Obi,Chido,Obi,14,4,42,4.2,1.4,0,0.0,0,0,0,0,0,0,0,0,0,0,0,0,0,0.0,0.0,0.0,0.0,0.0,0.0,0.0
468,575034,Wheatley,Ethan,Wheatley,14,4,45,4.5,0.1,0,0.0,0,0,0,0,0,0,0,0,0,0,0,0,0,0.0,0.0,0.0,0.0,0.0,0.0,0.0
681,485711,Šeško,Benjamin,Sesko,14,4,72,7.2,4.6,111,3.7,1630,11,2,2,30,0,0,0,2,0,0,19,405,483.8,156.1,803.0,143.4,2.6,0.4,15.4
733,465247,Lammens,Senne,Lammens,14,1,51,5.1,3.6,109,3.4,2880,0,0,8,39,0,0,0,0,0,79,11,413,635.6,0.0,2.0,63.7,4.2,0.8,21.4
755,576628,Lacey,Shea,Lacey,14,3,45,4.5,0.0,3,1.0,40,0,0,0,0,0,0,0,0,0,0,0,9,4.0,2.1,16.0,1.7,0.2,0.0,0.7
769,576620,Bendito Mantato,Bendito,Mantato,14,3,45,4.5,0.0,1,1.0,15,0,0,0,0,0,0,0,0,0,0,0,3,2.2,11.7,0.0,1.4,0.0,0.0,0.2
771,519913,Fletcher,Tyler,Fletcher,14,3,44,4.4,0.0,2,1.0,17,0,0,0,0,0,0,0,0,0,0,0,6,0.8,3.0,0.0,0.3,0.2,0.0,0.5
788,576637,Kukonki,Godwill,Kukonki,14,2,40,4.0,0.0,0,0.0,0,0,0,0,0,0,0,0,0,0,0,0,0,0.0,0.0,0.0,0.0,0.0,0.0,0.0
827,576634,Thwaites,Jim,Thwaites,14,3,45,4.5,0.0,0,0.0,0,0,0,0,0,0,0,0,0,0,0,0,0,0.0,0.0,0.0,0.0,0.0,0.0,0.0
52,232653,J.Ramsey,Jacob,Ramsey,15,3,53,5.3,0.3,62,2.2,1441,2,3,1,31,0,0,0,3,1,0,3,303,304.4,330.3,165.0,79.9,4.5,0.8,11.7
135,216646,Wissa,Yoane,Wissa,15,4,73,7.3,0.6,27,1.4,517,1,1,1,11,0,0,0,3,0,0,0,70,58.0,46.7,163.0,25.5,1.2,0.2,3.7
469,98747,Pope,Nick,Pope,15,1,50,5.0,4.5,96,3.6,2416,0,1,7,38,0,0,0,2,0,89,3,414,671.0,0.0,35.0,70.7,3.0,0.6,19.2
471,81441,Gillespie,Mark,Gillespie,15,1,39,3.9,0.1,0,0.0,0,0,0,0,0,0,0,0,0,0,0,0,0,0.0,0.0,0.0,0.0,0.0,0.0,0.0
472,111452,Odysseas,Odysseas,Vlachodimos,15,1,40,4.0,0.0,0,0.0,0,0,0,0,0,0,0,0,0,0,0,0,0,0.0,0.0,0.0,0.0,0.0,0.0,0.0
473,487838,Hall,Lewis,Hall,15,2,53,5.3,3.3,79,2.6,2176,1,2,4,39,0,0,0,4,0,0,4,347,550.2,433.6,196.0,118.0,1.2,0.2,14.9
474,119471,Schär,Fabian,Schär,15,2,52,5.2,1.1,51,3.2,1089,0,0,4,13,0,0,0,1,0,0,0,186,291.2,63.6,108.0,46.4,0.0,0.0,9.8
475,220237,Botman,Sven,Botman,15,2,49,4.9,0.5,89,3.6,1834,1,1,5,27,1,0,0,2,0,0,6,332,597.0,85.8,190.0,87.4,3.8,0.8,18.2
476,78916,Burn,Dan,Burn,15,2,50,5.0,3.6,93,3.2,2195,1,3,6,36,0,0,0,9,1,0,5,286,525.8,107.3,186.0,82.1,2.8,0.6,18.6
477,441191,Livramento,Tino,Livramento,15,2,49,4.9,1.8,59,3.5,1326,0,1,6,14,0,0,0,1,0,0,3,252,219.4,199.7,42.0,46.1,0.0,0.0,12.0
478,77794,Trippier,Kieran,Trippier,15,2,49,4.9,1.4,54,2.6,1586,0,1,5,27,0,0,0,3,0,0,2,225,288.0,488.5,14.0,79.0,0.8,0.2,11.0
479,111773,Krafth,Emil,Krafth,15,2,43,4.3,0.0,0,0.0,45,0,0,0,2,0,0,0,0,0,0,0,-8,1.4,1.2,0.0,0.3,0.0,0.0,0.0
480,101148,Lascelles,Jamaal,Lascelles,15,2,43,4.3,0.0,1,0.5,19,0,0,0,2,0,0,0,0,0,0,0,0,10.2,0.0,7.0,1.7,0.0,0.0,0.2
481,545477,A.Murphy,Alex,Murphy,15,2,38,3.8,0.7,2,1.0,7,0,0,0,1,0,0,0,0,0,0,0,3,10.2,0.6,2.0,1.3,0.2,0.1,0.5
482,441024,Ashby,Harrison,Ashby,15,2,39,3.9,0.1,0,0.0,0,0,0,0,0,0,0,0,0,0,0,0,0,0.0,0.0,0.0,0.0,0.0,0.0,0.0
483,578512,Pivas,Miodrag,Pivaš,15,2,38,3.8,0.4,0,0.0,0,0,0,0,0,0,0,0,0,0,0,0,0,0.0,0.0,0.0,0.0,0.0,0.0,0.0
484,169359,Targett,Matt,Targett,15,2,40,4.0,0.1,0,0.0,0,0,0,0,0,0,0,0,0,0,0,0,0,0.0,0.0,0.0,0.0,0.0,0.0,0.0
485,232826,Gordon,Anthony,Gordon,15,3,72,7.2,3.1,101,3.9,1798,6,4,8,30,0,0,0,3,1,0,10,352,393.8,404.2,514.0,130.9,0.0,0.0,14.0
486,449434,Elanga,Anthony,Elanga,15,3,65,6.5,2.6,48,1.5,1302,0,1,2,28,0,0,0,0,0,0,0,179,130.4,266.7,185.0,57.8,0.5,0.1,7.4
487,201666,Barnes,Harvey,Barnes,15,3,61,6.1,1.3,106,2.9,1951,7,1,5,31,0,0,0,1,0,0,9,349,404.0,387.5,682.0,147.0,4.8,0.8,17.4
488,208706,Bruno G.,Bruno,Guimarães Rodriguez Moura,15,3,69,6.9,6.5,154,5.3,2456,9,7,6,37,0,0,0,6,0,0,22,681,782.4,756.7,488.0,202.9,4.2,0.6,22.3
489,114243,J.Murphy,Jacob,Murphy,15,3,59,5.9,0.6,82,2.5,1606,3,2,8,20,0,0,0,2,0,0,5,314,330.8,393.7,346.0,106.0,3.2,0.5,13.9
490,180974,Joelinton,Joelinton Cássio,Apolinário de Lira,15,3,59,5.9,0.3,73,2.7,1950,2,1,5,27,0,0,0,10,0,0,2,304,324.4,296.3,329.0,95.0,1.5,0.3,12.4
491,432422,Tonali,Sandro,Tonali,15,3,53,5.3,1.0,81,2.3,2534,0,2,7,38,0,0,0,4,0,0,2,477,398.0,534.1,198.0,113.4,1.0,0.2,15.3
492,640108,Antoñito C.,Antoñito,Cordero Campillo,15,3,49,4.9,0.0,0,0.0,0,0,0,0,0,0,0,0,0,0,0,0,0,0.0,0.0,0.0,0.0,0.0,0.0,0.0
494,200089,Willock,Joe,Willock,15,3,50,5.0,0.1,38,1.6,972,0,2,3,18,0,0,0,3,0,0,0,166,145.4,205.8,204.0,55.5,2.0,0.4,7.6
495,153127,Hayden,Isaac,Hayden,15,3,45,4.5,0.0,0,0.0,0,0,0,0,0,0,0,0,0,0,0,0,0,0.0,0.0,0.0,0.0,0.0,0.0,0.0
496,564510,Kuol,Garang,Kuol,15,3,44,4.4,0.0,0,0.0,0,0,0,0,0,0,0,0,0,0,0,0,0,0.0,0.0,0.0,0.0,0.0,0.0,0.0
497,547719,L.Miley,Lewis,Miley,15,3,44,4.4,1.7,72,3.1,1493,1,4,2,22,0,0,0,0,0,0,5,334,342.6,251.4,136.0,73.0,0.5,0.1,16.4
498,461484,White,Joe,White,15,3,45,4.5,0.0,0,0.0,0,0,0,0,0,0,0,0,0,0,0,0,0,0.0,0.0,0.0,0.0,0.0,0.0,0.0
500,538207,Osula,William,Osula,15,4,55,5.5,2.1,76,3.2,805,7,1,2,14,0,0,0,0,0,0,13,284,256.6,82.6,284.0,62.2,6.5,1.2,13.8
501,599303,Neave,Sean,Neave,15,4,43,4.3,0.3,1,1.0,13,0,0,0,1,0,0,0,0,0,0,0,2,0.0,0.0,5.0,0.5,0.2,0.0,0.2
674,225321,Ramsdale,Aaron,Ramsdale,15,1,48,4.8,0.7,25,2.1,1003,0,0,1,17,0,0,0,2,0,25,1,107,212.8,10.0,0.0,22.3,0.0,0.0,5.2
684,465642,Thiaw,Malick,Thiaw,15,2,49,4.9,4.7,126,3.6,2963,4,0,5,52,0,0,0,4,0,0,12,436,868.0,114.3,409.0,138.9,1.8,0.4,25.7
689,623110,Seung soo,Seung-Soo,Park,15,3,43,4.3,0.5,0,0.0,0,0,0,0,0,0,0,0,0,0,0,0,0,0.0,0.0,0.0,0.0,0.0,0.0,0.0
714,470313,Woltemade,Nick,Woltemade,15,4,67,6.7,6.5,108,3.3,1896,8,4,8,29,1,0,0,0,0,0,12,399,447.2,314.4,425.0,117.5,3.0,0.4,16.1
753,19236,Ruddy,John,Ruddy,15,1,40,4.0,0.0,0,0.0,0,0,0,0,0,0,0,0,0,0,0,0,0,0.0,0.0,0.0,0.0,0.0,0.0,0.0
765,553746,Shahar,Leo,Shahar,15,2,40,4.0,0.0,0,0.0,0,0,0,0,0,0,0,0,0,0,0,0,0,0.0,0.0,0.0,0.0,0.0,0.0,0.0
772,666607,Alabi,Sam,Alabi,15,3,45,4.5,0.0,0,0.0,0,0,0,0,0,0,0,0,0,0,0,0,0,0.0,0.0,0.0,0.0,0.0,0.0,0.0
12,206325,Zinchenko,Oleksandr,Zinchenko,16,2,49,4.9,0.2,7,1.4,352,0,0,0,6,0,0,0,0,0,0,0,56,80.8,83.4,22.0,18.6,0.0,0.0,1.4
400,88248,Ortega Moreno,Stefan,Ortega Moreno,16,1,47,4.7,0.2,11,3.7,270,0,0,1,4,0,0,0,0,0,8,0,38,68.6,0.0,0.0,6.9,0.0,0.0,2.3
426,432714,McAtee,James,McAtee,16,3,50,5.0,0.1,17,1.2,288,0,1,0,9,0,0,0,1,0,0,0,60,51.6,82.0,39.0,17.3,2.0,0.4,3.4
502,85633,Sels,Matz,Sels,16,1,46,4.6,5.0,105,3.4,2667,0,0,7,39,0,1,0,2,0,95,3,431,730.0,10.0,0.0,74.0,4.0,0.9,22.8
503,475123,C.Miguel,Carlos Miguel,dos Santos Pereira,16,1,40,4.0,0.1,0,0.0,0,0,0,0,0,0,0,0,0,0,0,0,0,0.0,0.0,0.0,0.0,0.0,0.0,0.0
504,224068,Turner,Matt,Turner,16,1,40,4.0,0.1,0,0.0,0,0,0,0,0,0,0,0,0,0,0,0,0,0.0,0.0,0.0,0.0,0.0,0.0,0.0
505,227444,Milenković,Nikola,Milenković,16,2,51,5.1,3.3,119,3.1,3375,0,1,9,51,1,0,0,6,0,0,2,401,680.4,66.9,120.0,86.9,2.0,0.4,23.3
506,575476,Murillo,Murillo,Costa dos Santos,16,2,52,5.2,1.8,83,3.3,2130,1,0,6,29,2,0,0,5,0,0,3,333,542.2,115.5,82.0,74.0,0.0,0.0,16.0
507,159506,Aina,Ola,Aina,16,2,47,4.7,2.1,67,3.7,1587,0,2,6,19,0,0,0,3,0,0,5,264,285.2,160.3,58.0,50.5,0.0,0.0,14.3
508,215136,N.Williams,Neco,Williams,16,2,48,4.8,4.2,128,3.5,3203,2,3,9,48,0,0,0,6,1,0,15,531,804.0,572.3,380.0,175.6,1.5,0.3,26.7
509,451432,David Carmo,David,Mota Veiga Teixeira do Carmo,16,2,45,4.5,0.0,0,0.0,0,0,0,0,0,0,0,0,0,0,0,0,0,0.0,0.0,0.0,0.0,0.0,0.0,0.0
510,575458,Jair Cunha,Jair,Paula da Cunha Filho,16,2,42,4.2,0.1,13,1.4,514,0,0,0,7,0,0,0,0,0,0,0,48,98.0,15.2,29.0,14.2,1.5,0.4,3.1
511,485047,Morato,Felipe,Rodrigues da Silva,16,2,43,4.3,0.1,53,2.5,1340,1,0,2,23,0,0,0,5,0,0,1,190,371.2,37.6,96.0,50.5,4.0,0.9,12.3
512,204822,O.Richards,Omar,Richards,16,2,45,4.5,0.0,0,0.0,0,0,0,0,0,0,0,0,0,0,0,0,0,0.0,0.0,0.0,0.0,0.0,0.0,0.0
513,549067,Abbott,Zach,Abbott,16,2,38,3.8,0.2,3,1.0,165,0,0,0,4,0,0,0,0,0,0,0,3,25.4,6.4,0.0,3.2,0.2,0.1,0.8
514,90585,Boly,Willy,Boly,16,2,38,3.8,0.3,0,0.0,0,0,0,0,0,0,0,0,0,0,0,0,0,0.0,0.0,0.0,0.0,0.0,0.0,0.0
515,222531,Gibbs-White,Morgan,Gibbs-White,16,3,76,7.6,9.2,188,5.1,3101,15,4,10,45,0,0,0,1,0,0,18,712,843.8,747.7,836.0,242.5,5.0,0.7,24.7
516,209046,Hudson-Odoi,Callum,Hudson-Odoi,16,3,57,5.7,0.6,88,2.9,1838,3,4,6,26,0,0,0,0,0,0,8,358,366.6,611.7,330.0,130.6,0.0,0.0,15.4
517,215379,Anderson,Elliot,Anderson,16,3,57,5.7,9.4,180,4.7,3332,4,5,10,50,0,0,0,8,0,0,16,795,915.2,961.5,310.0,219.0,6.8,1.2,31.6
518,510500,Jota,João Pedro,Ferreira da Silva,16,3,54,5.4,0.0,1,1.0,11,0,0,0,0,0,0,0,0,0,0,0,6,5.0,0.5,4.0,1.0,0.0,0.0,0.2
519,250199,Dominguez,Nicolás,Domínguez,16,3,50,5.0,0.0,48,1.8,1168,1,1,3,20,0,0,0,3,0,0,3,229,264.8,193.5,138.0,59.7,1.2,0.2,9.6
520,243345,O'Brien,Lewis,O'Brien,16,3,50,5.0,0.0,0,0.0,0,0,0,0,0,0,0,0,0,0,0,0,0,0.0,0.0,0.0,0.0,0.0,0.0,0.0
521,210462,Sangaré,Ibrahim,Sangaré,16,3,49,4.9,0.1,89,3.2,2073,2,2,8,26,0,0,0,5,0,0,2,366,434.4,205.9,126.0,76.8,1.2,0.2,18.2
522,204968,Yates,Ryan,Yates,16,3,47,4.7,0.1,30,1.4,602,0,2,0,7,0,0,0,3,0,0,0,123,139.0,79.7,55.0,27.2,1.2,0.3,6.4
523,569014,Da Silva Moreira,Eric,da Silva Moreira,16,3,45,4.5,0.1,0,0.0,0,0,0,0,0,0,0,0,0,0,0,0,0,0.0,0.0,0.0,0.0,0.0,0.0,0.0
524,495161,Stamenic,Marko,Stamenić,16,3,45,4.5,0.0,0,0.0,0,0,0,0,0,0,0,0,0,0,0,0,0,0.0,0.0,0.0,0.0,0.0,0.0,0.0
525,60689,Wood,Chris,Wood,16,4,71,7.1,4.7,41,2.7,896,3,0,2,14,0,0,0,0,0,0,4,145,139.0,88.4,266.0,48.0,1.5,0.2,5.8
526,482973,Igor Jesus,Igor Jesus,Maciel da Cruz,16,4,59,5.9,2.4,114,3.1,2293,6,6,9,37,0,0,0,2,0,0,13,407,420.6,240.7,726.0,136.4,2.5,0.4,19.3
527,210156,Awoniyi,Taiwo,Awoniyi,16,4,52,5.2,0.4,43,2.5,480,4,2,1,4,0,0,0,2,0,0,4,170,177.2,79.0,235.0,48.4,4.8,0.9,8.3
669,456512,Ndoye,Dan,Ndoye,16,3,55,5.5,0.7,50,2.1,1167,1,2,2,17,0,0,0,1,0,0,4,178,166.4,217.7,180.0,56.6,0.0,0.0,9.1
675,107265,Gunn,Angus,Gunn,16,1,40,4.0,1.1,1,1.0,45,0,0,0,0,0,0,0,0,0,0,0,4,1.2,0.0,0.0,0.1,0.0,0.0,0.2
693,503301,Hutchinson,Omari,Hutchinson,16,3,54,5.4,0.1,82,2.6,1676,1,7,6,24,0,0,0,1,0,0,3,329,333.6,527.1,356.0,121.6,2.2,0.4,15.2
696,465680,Kalimuendo,Arnaud,Kalimuendo,16,4,60,6.0,0.1,9,1.0,89,0,0,0,3,0,0,0,0,0,0,0,24,6.8,17.7,39.0,6.3,0.0,0.0,1.5
715,221389,John,John Victor,Maciel Furtado,16,1,40,4.0,0.3,11,2.2,437,0,0,1,8,0,0,0,1,0,6,0,32,56.4,0.0,0.0,5.7,0.0,0.0,2.8
716,500151,Savona,Nicolò,Savona,16,2,45,4.5,0.0,39,2.8,1025,2,0,3,18,0,0,0,2,0,0,0,131,216.6,123.2,94.0,43.5,0.0,0.0,8.7
729,560441,Cuiabano,Luis Eduardo,Soares da Silva,16,2,45,4.5,0.0,0,0.0,0,0,0,0,0,0,0,0,0,0,0,0,0,0.0,0.0,0.0,0.0,0.0,0.0,0.0
734,476887,Bakwa,Dilane,Bakwa,16,3,59,5.9,0.0,26,1.9,549,0,2,2,10,0,0,0,1,0,0,1,100,86.4,178.8,95.0,35.6,2.8,0.5,4.4
805,469130,Lucca,Lorenzo,Lucca,16,4,53,5.3,0.0,9,2.2,126,1,0,1,1,0,0,0,0,0,0,0,33,37.2,13.0,39.0,8.5,0.2,0.0,1.7
814,470315,Netz,Luca,Netz,16,2,45,4.5,0.0,11,1.6,353,0,0,0,5,0,0,0,0,0,0,0,33,63.4,30.1,10.0,10.4,2.0,0.4,2.4
835,568159,Whitehall,Archie,Whitehall,16,3,45,4.5,0.0,0,0.0,0,0,0,0,0,0,0,0,0,0,0,0,0,0.0,0.0,0.0,0.0,0.0,0.0,0.0
836,590040,Sinclair,Jimmy,Sinclair,16,3,45,4.5,0.0,0,0.0,0,0,0,0,0,0,0,0,0,0,0,0,0,0.0,0.0,0.0,0.0,0.0,0.0,0.0
841,687076,Sillah,Lamin,Sillah,16,4,45,4.5,0.0,0,0.0,0,0,0,0,0,0,0,0,0,0,0,0,0,0.0,0.0,0.0,0.0,0.0,0.0,0.0
528,232571,Patterson,Anthony,Patterson,17,1,42,4.2,0.1,0,0.0,0,0,0,0,0,0,0,0,0,0,0,0,0,0.0,0.0,0.0,0.0,0.0,0.0,0.0
529,74854,Moore,Simon,Moore,17,1,39,3.9,0.3,0,0.0,0,0,0,0,0,0,0,0,0,0,0,0,0,0.0,0.0,0.0,0.0,0.0,0.0,0.0
530,490000,Nna Noukeu,Blondy,Nna Noukeu,17,1,39,3.9,0.1,0,0.0,0,0,0,0,0,0,0,0,0,0,0,0,0,0.0,0.0,0.0,0.0,0.0,0.0,0.0
531,223827,Ballard,Daniel,Ballard,17,2,46,4.6,2.4,116,4.0,2144,2,2,6,35,0,0,0,4,1,0,9,340,662.8,181.2,370.0,121.5,-0.5,-0.1,25.2
532,487676,Hume,Trai,Hume,17,2,45,4.5,0.3,110,2.9,3032,2,1,9,42,1,0,0,9,0,0,6,383,547.8,421.3,248.0,120.9,4.2,0.9,24.4
533,220684,Alese,Aji,Alese,17,2,40,4.0,0.0,0,0.0,0,0,0,0,0,0,0,0,0,0,0,0,0,0.0,0.0,0.0,0.0,0.0,0.0,0.0
534,232820,Anderson,Joe,Anderson,17,2,38,3.8,0.3,0,0.0,0,0,0,0,0,0,0,0,0,0,0,0,0,0.0,0.0,0.0,0.0,0.0,0.0,0.0
535,461195,Cirkin,Dennis,Cirkin,17,2,40,4.0,0.0,14,1.8,319,0,0,1,2,0,0,0,2,0,0,0,43,59.2,9.7,10.0,7.5,0.0,0.0,3.5
536,477547,Hjelde,Leo Fuhr,Hjelde,17,2,40,4.0,0.0,0,0.0,0,0,0,0,0,0,0,0,0,0,0,0,0,0.0,0.0,0.0,0.0,0.0,0.0,0.0
537,492066,Huggins,Niall,Huggins,17,2,40,4.0,0.1,0,0.0,0,0,0,0,0,0,0,0,0,0,0,0,0,0.0,0.0,0.0,0.0,0.0,0.0,0.0
538,514613,Johnson,Zak,Johnson,17,2,38,3.8,0.2,0,0.0,0,0,0,0,0,0,0,0,0,0,0,0,0,0.0,0.0,0.0,0.0,0.0,0.0,0.0
539,167512,O'Nien,Luke,O'Nien,17,2,40,4.0,0.1,26,2.2,565,0,1,2,7,0,0,0,1,1,0,1,90,103.0,27.6,40.0,17.1,2.5,0.6,6.5
540,465702,Pembele,Timothée,Pembélé,17,2,39,3.9,0.3,0,0.0,0,0,0,0,0,0,0,0,0,0,0,0,0,0.0,0.0,0.0,0.0,0.0,0.0,0.0
541,434399,Reinildo,Reinildo,Mandava,17,2,38,3.8,3.0,74,3.0,1966,0,2,6,27,0,0,0,7,1,0,6,281,376.4,130.2,39.0,54.7,3.5,0.9,19.5
542,519634,Seelt,Jenson,Seelt,17,2,40,4.0,0.1,2,1.0,133,0,0,0,2,0,0,0,0,0,0,0,11,33.6,2.4,0.0,3.6,0.0,0.0,0.5
543,535818,Adingra,Simon,Adingra,17,3,49,4.9,0.3,34,2.4,649,1,1,4,8,0,0,0,2,0,0,3,81,81.4,116.8,75.0,27.0,0.0,0.0,6.9
544,547027,Diarra,Habib,Diarra,17,3,53,5.3,0.1,65,3.2,1403,2,6,5,19,0,0,0,6,0,0,3,209,166.2,153.8,234.0,53.9,1.2,0.2,12.3
545,124165,Roberts,Patrick,Roberts,17,3,54,5.4,0.0,1,1.0,27,0,0,0,1,0,0,0,0,0,0,0,4,1.8,7.3,5.0,1.4,0.0,0.0,0.2
546,626844,Aleksić,Milan,Aleksić,17,3,49,4.9,0.0,0,0.0,0,0,0,0,0,0,0,0,0,0,0,0,0,0.0,0.0,0.0,0.0,0.0,0.0,0.0
547,484420,E.Le Fée,Enzo,Le Fée,17,3,48,4.8,1.6,147,4.1,2930,5,6,10,43,0,0,1,5,0,0,16,621,725.8,816.4,324.0,186.9,6.2,1.3,30.6
548,461199,Mundle,Romaine,Mundle,17,3,49,4.9,0.0,14,1.0,399,0,0,0,11,0,0,0,1,0,0,0,42,29.4,33.6,69.0,12.7,0.0,0.0,2.9
549,223336,Neil,Dan,Neil,17,3,48,4.8,0.0,3,1.0,13,0,0,0,0,0,0,0,0,0,0,0,10,3.0,1.4,0.0,0.4,0.0,0.0,0.6
550,215460,Poveda,Ian,Poveda-Ocampo,17,3,47,4.7,0.0,0,0.0,0,0,0,0,0,0,0,0,0,0,0,0,0,0.0,0.0,0.0,0.0,0.0,0.0,0.0
551,554197,Rigg,Chris,Rigg,17,3,47,4.7,0.1,36,2.0,758,1,1,3,11,0,0,0,1,0,0,1,136,114.6,142.8,103.0,36.0,1.2,0.3,7.7
552,577669,Sadiki,Noah,Sadiki,17,3,49,4.9,0.1,80,2.4,2891,0,2,9,42,0,0,0,9,0,0,0,410,347.6,333.3,162.0,84.6,2.5,0.5,16.3
553,549912,Talbi,Chemsdine,Talbi,17,3,49,4.9,0.2,83,3.0,1553,4,2,7,14,0,0,0,0,0,0,6,248,238.8,211.5,245.0,69.1,1.5,0.3,16.9
554,477851,Ba,Abdoullah,Ba,17,3,43,4.3,0.3,0,0.0,0,0,0,0,0,0,0,0,0,0,0,0,0,0.0,0.0,0.0,0.0,0.0,0.0,0.0
555,171422,Browne,Alan,Browne,17,3,45,4.5,0.0,0,0.0,0,0,0,0,0,0,0,0,0,0,0,0,0,0.0,0.0,0.0,0.0,0.0,0.0,0.0
556,458297,Ekwah,Pierre,Ekwah Elimby,17,3,45,4.5,0.0,0,0.0,0,0,0,0,0,0,0,0,0,0,0,0,0,0.0,0.0,0.0,0.0,0.0,0.0,0.0
557,547410,H.Jones,Harrison,Jones,17,3,43,4.3,0.1,0,0.0,0,0,0,0,0,0,0,0,0,0,0,0,0,0.0,0.0,0.0,0.0,0.0,0.0,0.0
558,493837,Matete,Jay,Matete,17,3,43,4.3,0.2,0,0.0,0,0,0,0,0,0,0,0,0,0,0,0,0,0.0,0.0,0.0,0.0,0.0,0.0,0.0
559,500696,Triantis,Nectarios,Triantis,17,3,44,4.4,0.0,0,0.0,0,0,0,0,0,0,0,0,0,0,0,0,0,0.0,0.0,0.0,0.0,0.0,0.0,0.0
560,437505,Isidor,Wilson,Isidor,17,4,50,5.0,1.3,74,2.3,1148,6,1,4,17,0,0,0,1,0,0,7,266,242.0,30.4,444.0,71.5,1.8,0.4,14.8
561,564406,Mayenda,Eliezer,Mayenda Dossou,17,4,51,5.1,0.5,40,2.0,751,2,0,3,9,0,0,0,0,0,0,5,124,117.6,53.8,188.0,35.5,0.2,0.0,7.8
562,611975,Abdullahi,Ahmed,Abdullahi,17,4,42,4.2,0.4,0,0.0,0,0,0,0,0,0,0,0,0,0,0,0,0,0.0,0.0,0.0,0.0,0.0,0.0,0.0
563,551153,Luís Hemir,Luís Hemir,Silva Semedo,17,4,44,4.4,0.1,0,0.0,0,0,0,0,0,0,0,0,0,0,0,0,0,0.0,0.0,0.0,0.0,0.0,0.0,0.0
564,440955,Rusyn,Nazarii,Rusyn,17,4,44,4.4,0.1,0,0.0,0,0,0,0,0,0,0,0,0,0,0,0,0,0.0,0.0,0.0,0.0,0.0,0.0,0.0
668,84450,Xhaka,Granit,Xhaka,17,3,51,5.1,3.2,124,3.6,2901,1,6,9,39,0,0,0,8,0,0,8,603,685.0,595.3,101.0,138.1,4.2,0.8,24.3
670,498016,Roefs,Robin,Roefs,17,1,48,4.8,8.0,136,3.9,3150,0,0,10,46,0,1,0,4,0,109,12,573,881.6,50.0,0.0,93.1,3.5,0.7,28.3
678,105717,Masuaku,Arthur,Masuaku,17,2,39,3.9,0.5,1,0.3,125,0,0,0,2,0,0,0,1,0,0,0,4,21.8,20.1,7.0,4.9,0.0,0.0,0.3
683,201895,Alderete,Omar,Alderete,17,2,41,4.1,4.9,125,3.8,2797,1,1,10,40,0,0,0,6,0,0,5,400,749.0,138.1,279.0,117.0,3.2,0.8,30.5
694,200834,Mukiele,Nordi,Mukiele,17,2,46,4.6,8.7,151,4.7,2784,3,5,9,40,1,0,0,5,0,0,11,489,733.6,353.1,242.0,132.9,5.8,1.3,32.8
724,247955,Geertruida,Lutsharel,Geertruida,17,2,45,4.5,0.1,55,2.0,1681,0,0,3,23,0,0,0,2,0,0,0,231,274.6,135.7,102.0,51.2,2.2,0.5,12.2
730,441264,Brobbey,Brian,Brobbey,17,4,53,5.3,0.9,92,3.0,1920,7,2,6,30,0,0,0,6,0,0,12,309,333.4,200.5,552.0,106.7,3.8,0.7,17.4
735,110504,Traoré,Bertrand,Traoré,17,3,55,5.5,0.0,30,2.5,634,1,1,3,9,0,0,0,1,0,0,1,118,115.6,108.4,135.0,35.9,0.0,0.0,5.5
774,232356,Jenson Jones,Jenson,Jones,17,2,40,4.0,0.0,0,0.0,0,0,0,0,0,0,0,0,0,0,0,0,0,0.0,0.0,0.0,0.0,0.0,0.0,0.0
775,604211,Tutierov,Tymur,Tutierov,17,3,45,4.5,0.0,0,0.0,0,0,0,0,0,0,0,0,0,0,0,0,0,0.0,0.0,0.0,0.0,0.0,0.0,0.0
800,699989,Jocelin.T,Djiamgone Jocelin Ta,Bi,17,3,49,4.9,0.0,1,1.0,38,0,0,0,0,0,0,0,0,0,0,0,4,3.4,4.3,2.0,1.0,0.0,0.0,0.2
812,515046,Ellborg,Melker,Ellborg,17,1,40,4.0,0.1,16,5.3,270,0,0,1,2,0,0,0,0,0,10,3,62,73.6,0.0,0.0,7.4,0.0,0.0,4.0
813,536661,Angulo,Nilson,Angulo,17,3,50,5.0,0.0,13,1.6,401,0,0,1,6,0,0,0,1,0,0,0,43,45.4,44.3,89.0,17.8,1.0,0.2,2.6
821,570929,Whittaker,Jack,Whittaker,17,3,45,4.5,0.0,0,0.0,0,0,0,0,0,0,0,0,0,0,0,0,0,0.0,0.0,0.0,0.0,0.0,0.0,0.0
822,571087,Jones,Jaydon,Jones,17,3,45,4.5,0.0,0,0.0,0,0,0,0,0,0,0,0,0,0,0,0,0,0.0,0.0,0.0,0.0,0.0,0.0,0.0
565,184254,Vicario,Guglielmo,Vicario,18,1,47,4.7,4.7,90,2.9,2790,0,0,7,50,0,0,0,1,0,83,6,412,709.2,10.1,0.0,72.2,0.0,0.0,19.1
566,214572,Austin,Brandon,Austin,18,1,39,3.9,0.3,0,0.0,0,0,0,0,0,0,0,0,0,0,0,0,0,0.0,0.0,0.0,0.0,0.0,0.0,0.0
567,485055,Kinsky,Antonín,Kinský,18,1,39,3.9,1.9,20,2.9,630,0,0,2,7,0,0,0,1,0,10,0,76,102.6,0.0,0.0,10.3,2.8,0.7,5.1
568,441164,Pedro Porro,Pedro,Porro Sauceda,18,2,52,5.2,11.7,117,3.4,2793,1,3,9,40,0,0,0,10,0,0,8,502,690.2,881.7,202.0,177.5,3.8,0.7,22.5
569,221632,Romero,Cristian,Romero,18,2,50,5.0,2.9,91,4.0,1869,4,1,5,33,0,0,0,9,2,0,10,305,574.8,133.6,223.0,93.2,0.0,0.0,18.2
570,135720,Danso,Kevin,Danso,18,2,42,4.2,0.2,63,2.6,1489,0,0,4,25,0,0,0,8,0,0,1,219,407.0,49.5,96.0,55.5,4.2,1.0,15.0
571,115556,Davies,Ben,Davies,18,2,43,4.3,0.1,10,3.3,136,1,0,0,3,0,0,0,1,0,0,1,29,67.4,22.2,52.0,14.2,0.0,0.0,2.3
572,493125,Dragusin,Radu,Drăgușin,18,2,45,4.5,0.0,17,1.7,515,0,0,0,13,0,0,0,0,0,0,0,34,130.6,3.2,27.0,16.1,0.2,0.0,3.8
573,232859,Spence,Djed,Spence,18,2,41,4.1,0.9,78,2.6,2049,0,0,9,31,0,0,0,4,0,0,3,271,291.0,209.7,207.0,70.5,2.2,0.5,19.0
574,487053,Udogie,Destiny,Udogie,18,2,43,4.3,0.3,29,1.4,1335,0,1,1,25,0,0,0,4,0,0,1,121,207.2,187.0,103.0,49.8,2.8,0.7,6.7
575,491279,Van de Ven,Micky,van de Ven,18,2,44,4.4,17.6,116,3.3,3041,4,1,9,50,0,0,0,9,1,0,10,431,683.4,95.2,218.0,99.6,2.5,0.6,26.4
576,548308,Phillips,Ashley,Phillips,18,2,40,4.0,0.0,0,0.0,0,0,0,0,0,0,0,0,0,0,0,0,0,0.0,0.0,0.0,0.0,0.0,0.0,0.0
577,553299,Takai,Takai,Kōta,18,2,40,4.0,0.0,0,0.0,0,0,0,0,0,0,0,0,0,0,0,0,0,0.0,0.0,0.0,0.0,0.0,0.0,0.0
578,610799,Vuskovic,Luka,Vušković,18,2,39,3.9,0.3,0,0.0,0,0,0,0,0,0,0,0,0,0,0,0,0,0.0,0.0,0.0,0.0,0.0,0.0,0.0
579,85971,Son,Son,Heung-min,18,3,85,8.5,0.1,0,0.0,0,0,0,0,0,0,0,0,0,0,0,0,0,0.0,0.0,0.0,0.0,0.0,0.0,0.0
581,172780,Maddison,James,Maddison,18,3,68,6.8,0.3,3,1.0,34,0,0,0,0,0,0,0,0,0,0,0,5,2.8,9.5,15.0,2.8,0.8,0.1,0.4
582,460842,Kudus,Mohammed,Kudus,18,3,64,6.4,9.1,75,3.9,1535,2,6,7,20,0,0,0,3,0,0,7,257,333.4,413.8,302.0,104.7,0.0,0.0,11.7
583,445044,Kulusevski,Dejan,Kulusevski,18,3,64,6.4,0.0,0,0.0,0,0,0,0,0,0,0,0,0,0,0,0,0,0.0,0.0,0.0,0.0,0.0,0.0,0.0
584,511499,Tel,Mathys,Tel,18,3,62,6.2,0.5,78,2.5,1334,4,2,3,23,0,0,0,1,0,0,7,266,303.4,457.2,312.0,107.6,4.8,0.8,12.6
585,202993,Bentancur,Rodrigo,Bentancur,18,3,52,5.2,0.2,86,3.3,1880,1,1,8,25,0,0,0,7,0,0,4,366,349.0,197.8,124.0,67.4,3.5,0.7,16.5
586,570526,Bergvall,Lucas,Bergvall,18,3,52,5.2,0.2,49,2.1,955,1,3,3,18,0,0,0,2,0,0,0,163,164.6,106.4,147.0,41.5,0.5,0.1,9.4
587,227127,Bissouma,Yves,Bissouma,18,3,52,5.2,0.0,17,1.5,600,0,0,1,17,0,0,0,4,0,0,0,99,89.6,25.5,23.0,13.7,0.2,0.0,3.3
588,550839,Odobert,Wilson,Odobert,18,3,53,5.3,0.0,46,1.9,972,0,2,2,13,0,0,0,0,0,0,6,176,158.8,284.3,234.0,67.6,0.0,0.0,8.7
589,235674,Solomon,Manor,Solomon,18,3,54,5.4,0.0,0,0.0,0,0,0,0,0,0,0,0,0,0,0,0,0,0.0,0.0,0.0,0.0,0.0,0.0,0.0
590,436234,Bryan,Bryan,Gil Salvatierra,18,3,49,4.9,0.0,0,0.0,0,0,0,0,0,0,0,0,0,0,0,0,0,0.0,0.0,0.0,0.0,0.0,0.0,0.0
591,547701,Gray,Archie,Gray,18,3,48,4.8,0.1,61,2.5,1471,2,2,5,28,0,0,0,5,0,0,6,237,259.4,138.1,158.0,55.5,0.2,0.0,12.7
592,499721,Moore,Mikey,Moore,18,3,50,5.0,0.0,0,0.0,0,0,0,0,0,0,0,0,0,0,0,0,0,0.0,0.0,0.0,0.0,0.0,0.0,0.0
593,482442,P.M.Sarr,Pape Matar,Sarr,18,3,45,4.5,1.0,71,2.7,1388,2,4,3,23,0,0,0,3,0,0,2,313,336.0,188.3,156.0,68.2,1.2,0.3,15.8
594,623095,Min-hyeok,Yang,Min-hyeok,18,3,45,4.5,0.0,0,0.0,0,0,0,0,0,0,0,0,0,0,0,0,0,0.0,0.0,0.0,0.0,0.0,0.0,0.0
595,499726,Olusesi,Callum,Olusesi,18,3,43,4.3,0.2,1,1.0,14,0,0,0,0,0,0,0,0,0,0,0,3,0.6,1.8,0.0,0.2,0.0,0.0,0.2
596,154566,Solanke,Dominic,Solanke-Mitchell,18,4,71,7.1,1.1,40,2.7,997,3,0,0,21,0,0,0,1,0,0,4,187,205.0,84.1,339.0,62.7,0.0,0.0,5.6
597,212319,Richarlison,Richarlison,de Andrade,18,4,65,6.5,8.7,119,3.7,1954,11,4,7,27,0,0,0,5,0,0,17,505,602.6,239.6,815.0,165.2,5.0,0.8,18.3
598,552427,Lankshear,Will,Lankshear,18,4,45,4.5,0.0,0,0.0,0,0,0,0,0,0,0,0,0,0,0,0,0,0.0,0.0,0.0,0.0,0.0,0.0,0.0
599,490145,Scarlett,Dane,Scarlett,18,4,43,4.3,0.5,2,1.0,7,0,0,0,0,0,0,0,0,0,0,0,5,1.0,4.1,2.0,0.7,0.0,0.0,0.5
673,154296,J.Palhinha,João Maria,Lobo Alves Palhares Costa Palhinha Gonçalves,18,3,55,5.5,0.9,126,3.8,2192,5,3,5,37,0,0,0,8,0,0,17,518,638.0,147.8,295.0,108.3,5.2,0.9,22.9
717,493362,Xavi,Xavi,Simons,18,3,63,6.3,1.1,80,2.9,1747,2,5,4,36,0,0,0,5,1,0,7,345,349.6,533.8,255.0,113.9,0.0,0.0,12.7
726,247693,Kolo Muani,Randal,Kolo Muani,18,4,69,6.9,0.4,52,1.7,1655,1,1,4,31,0,0,0,3,0,0,1,150,169.6,267.3,287.0,71.0,1.5,0.2,7.5
745,640419,Byfield,Jun'ai,Byfield,18,2,40,4.0,0.0,1,1.0,1,0,0,0,0,0,0,0,0,0,0,0,3,0.4,0.5,0.0,0.1,0.0,0.0,0.2
750,499716,Rowswell,James,Rowswell,18,2,40,4.0,0.0,1,1.0,1,0,0,0,0,0,0,0,0,0,0,0,3,0.0,0.0,0.0,0.0,0.0,0.0,0.2
751,590035,Akhamrich,Yusuf,Akhamrich,18,3,45,4.5,0.0,0,0.0,0,0,0,0,0,0,0,0,0,0,0,0,0,0.0,0.0,0.0,0.0,0.0,0.0,0.0
790,611917,Williams-Barnett,Lucá,Williams-Barnett,18,3,45,4.5,0.0,0,0.0,0,0,0,0,0,0,0,0,0,0,0,0,0,0.0,0.0,0.0,0.0,0.0,0.0,0.0
796,232787,Gallagher,Conor,Gallagher,18,3,50,5.0,0.2,44,2.8,1183,1,1,2,23,0,0,0,2,0,0,3,211,190.6,205.9,154.0,55.1,4.0,0.8,8.8
804,616221,Souza,João Victor,de Souza Menezes,18,2,40,4.0,0.0,3,0.8,142,0,0,0,3,0,0,0,1,0,0,0,0,12.8,31.9,17.0,6.2,0.0,0.0,0.8
811,536134,Kyerematen,Rio,Kyerematen,18,3,45,4.5,0.0,0,0.0,0,0,0,0,0,0,0,0,0,0,0,0,0,0.0,0.0,0.0,0.0,0.0,0.0,0.0
818,613232,Wilson,James,Wilson,18,4,45,4.5,0.0,0,0.0,0,0,0,0,0,0,0,0,0,0,0,0,0,0.0,0.0,0.0,0.0,0.0,0.0,0.0
326,159533,Adama,Adama,Traoré Diarra,19,3,51,5.1,0.1,25,1.0,376,0,0,0,12,0,0,0,1,0,0,0,74,33.4,73.8,70.0,17.2,0.2,0.0,4.9
600,84182,Areola,Alphonse,Areola,19,1,42,4.2,1.9,51,2.5,1800,0,1,0,37,0,0,0,0,0,77,2,220,570.4,10.0,0.0,57.9,0.0,0.0,12.1
601,82143,Foderingham,Wes,Foderingham,19,1,40,4.0,0.2,0,0.0,0,0,0,0,0,0,0,0,0,0,0,0,0,0.0,0.0,0.0,0.0,0.0,0.0,0.0
602,483364,Hegyi,Krisztián,Hegyi,19,1,39,3.9,0.2,0,0.0,0,0,0,0,0,0,0,0,0,0,0,0,0,0.0,0.0,0.0,0.0,0.0,0.0,0.0
603,613804,Diouf,El Hadji Malick,Diouf,19,2,41,4.1,2.4,104,3.2,2706,0,6,9,47,0,0,0,6,0,0,3,381,583.6,480.2,133.0,119.8,2.2,0.5,25.4
604,109533,Emerson,Emerson,Palmieri dos Santos,19,2,44,4.4,0.0,0,0.0,0,0,0,0,0,0,0,0,0,0,0,0,0,0.0,0.0,0.0,0.0,0.0,0.0,0.0
605,214048,Kilman,Maximilian,Kilman,19,2,40,4.0,0.1,36,1.7,1559,0,0,1,37,0,0,0,4,0,0,0,80,392.4,55.8,60.0,50.9,0.0,0.0,9.0
606,233963,Mavropanos,Konstantinos,Mavropanos,19,2,45,4.5,2.6,122,3.9,2532,3,0,6,44,2,0,0,2,0,0,5,386,777.2,66.6,294.0,113.8,3.5,0.8,27.1
607,210494,N.Aguerd,Nayef,Aguerd,19,2,44,4.4,0.0,3,1.5,180,0,0,0,8,0,0,0,0,0,0,0,-1,39.0,3.9,8.0,5.1,0.0,0.0,0.7
608,536109,Scarles,Ollie,Scarles,19,2,43,4.3,0.0,21,1.6,656,0,1,0,16,0,0,0,2,0,0,0,88,142.2,82.1,22.0,24.6,0.0,0.0,4.9
609,462116,Todibo,Jean-Clair,Todibo,19,2,43,4.3,0.1,46,2.0,1817,0,1,1,37,0,0,0,5,1,0,1,160,383.4,66.6,26.0,47.7,0.2,0.0,10.7
610,214590,Wan-Bissaka,Aaron,Wan-Bissaka,19,2,41,4.1,4.3,67,2.7,2080,0,3,3,43,0,0,0,4,0,0,0,203,432.0,305.6,30.0,77.2,1.0,0.2,16.3
611,518438,Casey,Kaelan,Casey,19,2,40,4.0,0.1,0,0.0,0,0,0,0,0,0,0,0,0,0,0,0,0,0.0,0.0,0.0,0.0,0.0,0.0,0.0
612,224024,L.Paquetá,Lucas,Tolentino Coelho de Lima,19,3,59,5.9,1.0,69,3.8,1513,4,2,3,33,0,0,0,5,1,0,8,291,374.6,397.2,186.0,95.7,0.0,0.0,11.7
613,215439,Souček,Tomáš,Souček,19,3,57,5.7,0.5,103,2.9,2190,5,2,7,43,0,0,0,3,1,0,9,428,526.6,191.9,483.0,120.4,2.0,0.4,18.1
615,450070,Summerville,Crysencio,Summerville,19,3,54,5.4,1.6,110,3.5,2470,5,4,8,42,0,0,0,6,0,0,10,412,445.8,460.9,546.0,145.0,2.5,0.5,20.4
616,213999,Álvarez,Edson,Álvarez Velázquez,19,3,49,4.9,0.0,0,0.0,0,0,0,0,0,0,0,0,0,0,0,0,0,0.0,0.0,0.0,0.0,0.0,0.0,0.0
617,149519,Cornet,Maxwel,Cornet,19,3,49,4.9,0.0,0,0.0,0,0,0,0,0,0,0,0,0,0,0,0,0,0.0,0.0,0.0,0.0,0.0,0.0,0.0
618,197024,G.Rodriguez,Guido,Rodríguez,19,3,48,4.8,0.0,8,1.3,175,0,0,1,2,0,0,0,1,0,0,0,30,9.8,6.0,2.0,1.7,0.0,0.0,1.7
619,577114,L.Guilherme,Luis Guilherme,Lira dos Santos,19,3,49,4.9,0.0,5,1.0,121,0,0,0,2,0,0,0,0,0,0,0,11,9.2,14.5,4.0,2.5,0.0,0.0,1.0
620,490885,Earthy,George,Earthy,19,3,45,4.5,0.0,1,1.0,8,0,0,0,1,0,0,0,0,0,0,0,3,0.0,1.5,2.0,0.4,0.0,0.0,0.2
621,229384,Irving,Andy,Irving,19,3,43,4.3,0.2,9,1.3,156,0,0,0,4,0,0,0,0,0,0,0,49,31.6,52.3,2.0,8.6,0.0,0.0,2.1
622,518442,Orford,Lewis,Orford,19,3,44,4.4,0.1,0,0.0,0,0,0,0,0,0,0,0,0,0,0,0,0,0.0,0.0,0.0,0.0,0.0,0.0,0.0
623,490142,Potts,Freddie,Potts,19,3,43,4.3,0.5,37,1.7,1162,0,1,1,25,0,0,0,1,0,0,0,215,191.2,141.3,37.0,37.1,0.0,0.0,8.6
624,178186,Bowen,Jarrod,Bowen,19,4,78,7.8,17.5,187,4.9,3406,9,13,8,63,0,0,0,4,0,0,28,731,881.4,694.0,813.0,238.9,4.5,0.6,24.0
625,91889,Füllkrug,Niclas,Füllkrug,19,4,56,5.6,0.6,12,1.5,407,0,0,1,11,0,0,0,0,0,0,0,28,26.0,85.1,130.0,23.8,0.0,0.0,2.1
626,565431,Marshall,Callum,Marshall,19,4,43,4.3,0.5,2,1.0,58,0,0,0,2,0,0,0,0,0,0,0,0,1.2,0.1,7.0,0.8,0.0,0.0,0.5
659,158534,Walker-Peters,Kyle,Walker-Peters,19,2,42,4.2,0.3,53,2.3,1378,1,0,4,25,0,0,0,2,0,0,0,219,267.0,124.5,106.0,49.8,1.8,0.4,12.6
671,75115,Wilson,Callum,Wilson,19,4,58,5.8,0.6,80,2.5,1234,7,2,1,24,0,0,0,1,0,0,7,296,305.2,109.0,509.0,91.1,2.2,0.4,13.8
679,467189,Hermansen,Mads,Hermansen,19,1,42,4.2,1.0,76,4.2,1620,0,1,7,28,0,0,0,0,0,55,8,282,422.0,20.0,0.0,44.2,4.0,1.0,18.1
708,551226,M.Fernandes,Mateus Gonçalo,Espanha Fernandes,19,3,55,5.5,0.6,135,3.8,3017,3,4,8,50,0,0,0,7,0,0,7,659,657.2,622.8,183.0,146.3,4.8,0.9,24.5
718,564940,S.Magassa,Soungoutou,Magassa,19,3,50,5.0,0.0,42,1.9,971,1,0,2,23,0,0,0,4,0,0,2,185,182.0,83.4,44.0,31.0,0.2,0.0,8.4
738,37096,Fabianski,Lukasz,Fabianski,19,1,45,4.5,0.0,0,0.0,0,0,0,0,0,0,0,0,0,0,0,0,0,0.0,0.0,0.0,0.0,0.0,0.0,0.0
747,602903,Mayers,Ezra,Mayers,19,2,40,4.0,0.0,6,1.0,113,0,0,0,3,0,0,0,0,0,0,0,18,21.8,34.9,9.0,6.6,0.0,0.0,1.5
752,643473,Golambeckis,Airidas,Golambeckis,19,2,40,4.0,0.0,0,0.0,0,0,0,0,0,0,0,0,0,0,0,0,0,0.0,0.0,0.0,0.0,0.0,0.0,0.0
758,630699,Mohamadou Kanté,Mohamadou,Kanté,19,3,45,4.5,0.0,9,0.8,67,0,0,0,1,0,0,0,2,0,0,0,29,18.0,13.2,12.0,4.0,0.2,0.0,2.0
785,530335,Pablo,Pablo Felipe,Pereira de Jesus,19,4,54,5.4,0.0,26,1.9,819,0,1,3,12,0,0,0,0,0,0,0,102,111.8,191.5,108.0,41.3,1.2,0.2,4.8
791,247670,Taty,Valentín,Castellanos,19,4,55,5.5,0.3,61,3.4,1384,6,1,9,16,0,0,0,6,0,0,5,243,280.6,175.5,595.0,103.9,4.0,0.7,11.1
802,572702,Lamadrid,Keiber,Lamadrid,19,3,50,5.0,0.0,0,0.0,0,0,0,0,0,0,0,0,0,0,0,0,0,0.0,0.0,0.0,0.0,0.0,0.0,0.0
815,220362,Disasi,Axel,Disasi,19,2,45,4.5,0.2,49,3.5,1254,0,0,6,17,1,0,0,1,0,0,1,186,220.8,19.9,84.0,32.4,2.5,0.6,10.9
825,553742,Herrick,Finlay,Herrick,19,1,40,4.0,0.0,0,0.0,0,0,0,0,0,0,0,0,0,0,0,0,0,0.0,0.0,0.0,0.0,0.0,0.0,0.0
627,101982,Johnstone,Sam,Johnstone,20,1,44,4.4,0.1,21,1.8,1080,0,0,0,24,1,0,0,0,0,39,0,117,308.0,0.1,0.0,30.8,0.0,0.0,4.8
628,149065,José Sá,José,Malheiro de Sá,20,1,42,4.2,1.1,68,3.0,2070,0,0,4,37,0,0,0,2,0,65,8,303,514.2,10.0,0.0,52.8,2.2,0.5,16.2
629,79602,Bentley,Daniel,Bentley,20,1,39,3.9,0.5,6,2.0,270,0,0,0,7,0,0,0,0,0,7,0,24,65.4,0.0,0.0,6.5,1.0,0.3,1.5
631,516939,Agbadou,Emmanuel,Agbadou,20,2,42,4.2,0.1,23,1.6,1100,0,0,0,29,0,0,0,1,1,0,0,86,312.2,76.0,75.0,46.4,0.0,0.0,5.5
632,87835,Doherty,Matt,Doherty,20,2,44,4.4,0.1,14,1.3,786,0,0,1,15,0,0,0,4,0,0,0,59,132.4,51.1,20.0,20.5,0.0,0.0,3.2
633,490721,H.Bueno,Hugo,Bueno López,20,2,43,4.3,0.2,83,2.4,2359,1,3,4,44,0,0,0,3,0,0,4,325,554.6,673.9,172.0,140.4,1.8,0.4,19.3
634,501837,Mosquera,Yerson,Mosquera Valdelamar,20,2,43,4.3,0.1,61,2.3,2137,0,0,4,40,2,0,0,12,0,0,3,209,426.0,140.4,268.0,83.5,2.5,0.6,14.2
635,483081,R.Gomes,Rodrigo,Martins Gomes,20,2,44,4.4,0.1,48,2.2,954,3,0,1,18,0,0,0,0,0,0,0,100,185.6,75.5,221.0,48.2,1.5,0.3,10.9
636,231480,S.Bueno,Santiago,Ignacio Bueno,20,2,44,4.4,0.2,92,3.2,2552,3,2,4,47,0,0,0,4,0,0,4,310,611.2,131.8,259.0,100.0,3.8,0.9,20.9
637,510362,Toti,Toti,Gomes,20,2,42,4.2,0.1,41,2.2,1423,0,0,1,33,0,0,0,1,1,0,0,140,349.0,92.7,73.0,51.7,2.0,0.5,9.8
638,441271,Hoever,Ki-Jana,Hoever,20,2,38,3.8,0.8,10,1.2,423,0,0,0,13,0,0,0,0,0,0,0,38,101.4,87.8,13.0,20.3,0.0,0.0,2.6
639,560248,Meupiyou,Bastien,Meupiyou Menadjou,20,2,40,4.0,0.0,0,0.0,0,0,0,0,0,0,0,0,0,0,0,0,0,0.0,0.0,0.0,0.0,0.0,0.0,0.0
640,641221,Pedro Lima,Pedro,Cardoso de Lima,20,2,40,4.0,0.4,10,1.1,257,0,0,0,6,0,0,0,0,0,0,0,18,36.4,48.5,39.0,12.3,1.0,0.2,2.5
641,517179,Pond,Alfie,Pond,20,2,39,3.9,0.9,0,0.0,0,0,0,0,0,0,0,0,0,0,0,0,0,0.0,0.0,0.0,0.0,0.0,0.0,0.0
642,184754,Hee Chan,Hwang,Hee-chan,20,3,56,5.6,0.1,54,2.1,1439,2,2,2,29,0,0,0,5,0,0,0,165,163.4,216.5,166.0,53.4,1.8,0.3,9.6
643,509291,André,André,Trindade da Costa Neto,20,3,52,5.2,0.1,96,2.7,2760,1,0,2,53,0,0,0,12,0,0,4,473,423.0,320.6,46.0,78.9,2.5,0.5,18.5
644,231057,Bellegarde,Jean-Ricner,Bellegarde,20,3,51,5.1,0.0,44,1.7,1239,1,1,3,30,0,0,0,5,0,0,0,208,195.4,210.3,145.0,54.6,0.5,0.1,8.6
645,643135,Fer López,Fer,López González,20,3,51,5.1,0.0,12,1.3,228,0,1,0,9,0,0,0,1,0,0,0,38,29.0,61.0,37.0,12.4,0.0,0.0,2.4
646,448089,J.Gomes,João Victor,Gomes da Silva,20,3,53,5.3,0.3,107,3.1,2829,1,2,4,56,0,0,0,10,0,0,6,529,486.6,353.4,176.0,102.0,2.0,0.4,20.2
647,181284,Guedes,Gonçalo Manuel,Ganchinho Guedes,20,3,55,5.5,0.0,0,0.0,0,0,0,0,0,0,0,0,0,0,0,0,0,0.0,0.0,0.0,0.0,0.0,0.0,0.0
648,433312,Munetsi,Marshall,Munetsi,20,3,53,5.3,0.0,38,2.9,872,1,2,0,19,0,0,0,2,0,0,1,131,163.6,61.8,196.0,42.1,0.0,0.0,7.2
649,476502,B.Traore,Boubacar,Traoré,20,3,50,5.0,0.0,0,0.0,0,0,0,0,0,0,0,0,0,0,0,0,0,0.0,0.0,0.0,0.0,0.0,0.0,0.0
650,497606,Chirewa,Tawanda,Chirewa,20,3,43,4.3,0.2,2,1.0,25,0,0,0,0,0,0,0,0,0,0,0,4,3.2,0.3,0.0,0.4,0.0,0.0,0.5
651,596054,Edozie,Tom,Edozie,20,3,43,4.3,0.4,8,2.7,12,1,0,0,0,0,0,0,0,0,0,0,27,34.4,0.4,23.0,5.8,0.2,0.0,1.9
652,593001,Gonzalez,Enso,González Medina,20,3,43,4.3,1.2,0,0.0,0,0,0,0,0,0,0,0,0,0,0,0,0,0.0,0.0,0.0,0.0,0.0,0.0,0.0
653,240299,Hodge,Joe,Hodge,20,3,45,4.5,0.0,0,0.0,0,0,0,0,0,0,0,0,0,0,0,0,0,0.0,0.0,0.0,0.0,0.0,0.0,0.0
655,449988,Fábio Silva,Fábio,Soares Silva,20,4,49,4.9,0.2,0,0.0,0,0,0,0,0,0,0,0,0,0,0,0,0,0.0,0.0,0.0,0.0,0.0,0.0,0.0
656,429414,Kalajdžić,Saša,Kalajdžić,20,4,49,4.9,0.0,1,1.0,14,0,0,0,0,0,0,0,0,0,0,0,1,1.0,4.3,2.0,0.7,0.0,0.0,0.2
657,589507,Chiwome,Leon,Chiwome,20,4,44,4.4,0.0,0,0.0,0,0,0,0,0,0,0,0,0,0,0,0,0,0.0,0.0,0.0,0.0,0.0,0.0,0.0
658,531363,Fraser,Nathan,Fraser,20,4,42,4.2,1.7,0,0.0,0,0,0,0,0,0,0,0,0,0,0,0,0,0.0,0.0,0.0,0.0,0.0,0.0,0.0
663,230376,J.Arias,Jhon,Arias,20,3,49,4.9,0.1,45,2.0,1117,1,0,2,21,0,0,0,1,0,0,2,175,171.0,204.0,148.0,52.1,0.0,0.0,9.2
682,497949,Møller Wolfe,David,Møller Wolfe,20,2,42,4.2,0.1,35,1.6,1042,0,2,1,23,0,0,0,1,0,0,0,78,159.8,126.5,46.0,33.3,1.2,0.3,8.3
695,523705,Tchatchoua,Jackson,Tchatchoua,20,2,44,4.4,0.0,52,1.7,1834,0,1,3,37,0,0,0,3,0,0,0,156,318.2,349.9,69.0,73.8,0.0,0.0,11.8
709,431248,Krejčí,Ladislav,Krejcí,20,2,45,4.5,0.1,68,2.4,2356,2,2,3,46,1,0,0,3,1,0,1,235,536.6,147.5,278.0,96.6,2.0,0.4,15.1
720,488213,Tolu,Tolu,Arokodare,20,4,51,5.1,0.1,66,2.0,1402,3,2,3,28,0,0,1,1,0,0,4,221,252.4,178.4,561.0,98.2,1.2,0.2,12.9
749,647671,Mané,Mateus,Mané,20,4,42,4.2,1.4,74,2.7,1787,3,2,5,30,0,0,0,0,0,0,9,314,328.2,489.6,283.0,109.5,4.2,1.0,17.6
766,601956,Olagunju,Saheed,Olagunju,20,2,40,4.0,0.0,0,0.0,0,0,0,0,0,0,0,0,0,0,0,0,0,0.0,0.0,0.0,0.0,0.0,0.0,0.0
767,605319,Rawlings,Luke,Rawlings,20,3,45,4.5,0.0,0,0.0,0,0,0,0,0,0,0,0,0,0,0,0,0,0.0,0.0,0.0,0.0,0.0,0.0,0.0
777,514362,Ojinnaka,Temple,Ojinnaka,20,3,45,4.5,0.0,0,0.0,0,0,0,0,0,0,0,0,0,0,0,0,0,0.0,0.0,0.0,0.0,0.0,0.0,0.0
778,589121,Sutherland,Ethan,Sutherland,20,3,45,4.5,0.0,0,0.0,0,0,0,0,0,0,0,0,0,0,0,0,0,0.0,0.0,0.0,0.0,0.0,0.0,0.0
809,685628,Abbey,Jerome,Abbey,20,3,45,4.5,0.0,1,1.0,16,0,0,0,0,0,0,0,0,0,0,0,2,3.2,0.0,0.0,0.3,0.2,0.0,0.2
816,209041,Angel,Angel,Gomes,20,3,46,4.6,0.0,16,1.3,457,0,0,1,8,0,0,0,1,0,0,0,78,52.8,91.5,28.0,17.1,1.0,0.2,3.5
817,155511,Armstrong,Adam,Armstrong,20,4,51,5.1,0.1,39,2.8,1141,2,2,3,20,0,0,0,3,0,0,1,129,145.0,85.0,191.0,41.9,3.2,0.6,7.6
828,491460,Brooks,Alfie,Brooks,20,1,40,4.0,0.0,0,0.0,0,0,0,0,0,0,0,0,0,0,0,0,0,0.0,0.0,0.0,0.0,0.0,0.0,0.0
831,627888,Gracey,Josh,Gracey,20,1,40,4.0,0.0,0,0.0,0,0,0,0,0,0,0,0,0,0,0,0,0,0.0,0.0,0.0,0.0,0.0,0.0,0.0
